show_id,type,title,director,cast,country,date_added,release_year,rating,duration,listed_in
s1,Movie,Dick Johnson Is Dead,Kirsten Johnson,,United States,25-Sep-21,2020,PG-13,90 min,Documentaries
s2,TV Show,Blood & Water,,"Ama Qamata, Khosi Ngema, Gail Mabalane, Thabang Molaba, Dillon Windvogel, Natasha Thahane, Arno Greeff, Xolile Tshabalala, Getmore Sithole, Cindy Mahlangu, Ryle De Morny, Greteli Fincham, Sello Maake Ka-Ncube, Odwa Gwanya, Mekaila Mathys, Sandi Schultz, Duane Williams, Shamilla Miller, Patrick Mofokeng",South Africa,24-Sep-21,2021,TV-MA,2 Seasons,"International TV Shows, TV Dramas, TV Mysteries"
s3,TV Show,Ganglands,Julien Leclercq,"Sami Bouajila, Tracy Gotoas, Samuel Jouy, Nabiha Akkari, Sofia Lesaffre, Salim Kechiouche, Noureddine Farihi, Geert Van Rampelberg, Bakary Diombera",,24-Sep-21,2021,TV-MA,1 Season,"Crime TV Shows, International TV Shows, TV Action & Adventure"
s4,TV Show,Jailbirds New Orleans,,,,24-Sep-21,2021,TV-MA,1 Season,"Docuseries, Reality TV"
s5,TV Show,Kota Factory,,"Mayur More, Jitendra Kumar, Ranjan Raj, Alam Khan, Ahsaas Channa, Revathi Pillai, Urvi Singh, Arun Kumar",India,24-Sep-21,2021,TV-MA,2 Seasons,"International TV Shows, Romantic TV Shows, TV Comedies"
s6,TV Show,Midnight Mass,Mike Flanagan,"Kate Siegel, Zach Gilford, Hamish Linklater, Henry Thomas, Kristin Lehman, Samantha Sloyan, Igby Rigney, Rahul Kohli, Annarah Cymone, Annabeth Gish, Alex Essoe, Rahul Abburi, Matt Biedel, Michael Trucco, Crystal Balint, Louis Oliver",,24-Sep-21,2021,TV-MA,1 Season,"TV Dramas, TV Horror, TV Mysteries"
s7,Movie,My Little Pony: A New Generation,"Robert Cullen, José Luis Ucha","Vanessa Hudgens, Kimiko Glenn, James Marsden, Sofia Carson, Liza Koshy, Ken Jeong, Elizabeth Perkins, Jane Krakowski, Michael McKean, Phil LaMarr",,24-Sep-21,2021,PG,91 min,Children & Family Movies
s8,Movie,Sankofa,Haile Gerima,"Kofi Ghanaba, Oyafunmike Ogunlano, Alexandra Duah, Nick Medley, Mutabaruka, Afemo Omilami, Reggie Carter, Mzuri","United States, Ghana, Burkina Faso, United Kingdom, Germany, Ethiopia",24-Sep-21,1993,TV-MA,125 min,"Dramas, Independent Movies, International Movies"
s9,TV Show,The Great British Baking Show,Andy Devonshire,"Mel Giedroyc, Sue Perkins, Mary Berry, Paul Hollywood",United Kingdom,24-Sep-21,2021,TV-14,9 Seasons,"British TV Shows, Reality TV"
s10,Movie,The Starling,Theodore Melfi,"Melissa McCarthy, Chris O'Dowd, Kevin Kline, Timothy Olyphant, Daveed Diggs, Skyler Gisondo, Laura Harrier, Rosalind Chao, Kimberly Quinn, Loretta Devine, Ravi Kapoor",United States,24-Sep-21,2021,PG-13,104 min,"Comedies, Dramas"
s11,TV Show,"Vendetta: Truth, Lies and The Mafia",,,,24-Sep-21,2021,TV-MA,1 Season,"Crime TV Shows, Docuseries, International TV Shows"
s12,TV Show,Bangkok Breaking,Kongkiat Komesiri,"Sukollawat Kanarot, Sushar Manaying, Pavarit Mongkolpisit, Sahajak Boonthanakit, Suthipongse Thatphithakkul, Bhasaworn Bawronkirati, Daweerit Chullasapya, Waratthaya Wongchayaporn, Kittiphoom Wongpentak, Abhicha Thanachanun, Nophand Boonyai, Kittipong Khamsat, Arisara Wongchalee, Jaytiya Naiwattanakul, Pantipa Arunwattanachai, Panupan Jantanawong, Kungtap Saelim, Phumphat Chartsuriyakiat, Issara Veranitinunt, Keerati Sivakuae, Panjai Sirisuwan, Supranee Charoenpol, Suda Chuenban, Visaka Banhansupavat, Pitchatorn Santinatornkul",,23-Sep-21,2021,TV-MA,1 Season,"Crime TV Shows, International TV Shows, TV Action & Adventure"
s13,Movie,Je Suis Karl,Christian Schwochow,"Luna Wedler, Jannis Niewöhner, Milan Peschel, Edin Hasanović, Anna Fialová, Marlon Boess, Victor Boccard, Fleur Geffrier, Aziz Dyab, Mélanie Fouché, Elizaveta Maximová","Germany, Czech Republic",23-Sep-21,2021,TV-MA,127 min,"Dramas, International Movies"
s14,Movie,Confessions of an Invisible Girl,Bruno Garotti,"Klara Castanho, Lucca Picon, Júlia Gomes, Marcus Bessa, Kiria Malheiros, Fernanda Concon, Gabriel Lima, Caio Cabral, Leonardo Cidade, Jade Cardozo",,22-Sep-21,2021,TV-PG,91 min,"Children & Family Movies, Comedies"
s15,TV Show,Crime Stories: India Detectives,,,,22-Sep-21,2021,TV-MA,1 Season,"British TV Shows, Crime TV Shows, Docuseries"
s16,TV Show,Dear White People,,"Logan Browning, Brandon P. Bell, DeRon Horton, Antoinette Robertson, John Patrick Amedori, Ashley Blaine Featherson, Marque Richardson, Giancarlo Esposito",United States,22-Sep-21,2021,TV-MA,4 Seasons,"TV Comedies, TV Dramas"
s17,Movie,Europe's Most Dangerous Man: Otto Skorzeny in Spain,"Pedro de Echave García, Pablo Azorín Williams",,,22-Sep-21,2020,TV-MA,67 min,"Documentaries, International Movies"
s18,TV Show,Falsa identidad,,"Luis Ernesto Franco, Camila Sodi, Sergio Goyri, Samadhi Zendejas, Eduardo Yáñez, Sonya Smith, Alejandro Camacho, Azela Robinson, Uriel del Toro, Géraldine Bazán, Gabriela Roel, Marcus Ornellas",Mexico,22-Sep-21,2020,TV-MA,2 Seasons,"Crime TV Shows, Spanish-Language TV Shows, TV Dramas"
s19,Movie,Intrusion,Adam Salky,"Freida Pinto, Logan Marshall-Green, Robert John Burke, Megan Elisabeth Kelly, Sarah Minnich, Hayes Hargrove, Mark Sivertsen, Brandon Fierro, Antonio Valles, Clint Obenchain",,22-Sep-21,2021,TV-14,94 min,Thrillers
s20,TV Show,Jaguar,,"Blanca Suárez, Iván Marcos, Óscar Casas, Adrián Lastra, Francesc Garrido, Stefan Weinert, Julia Möller, Alicia Chojnowski",,22-Sep-21,2021,TV-MA,1 Season,"International TV Shows, Spanish-Language TV Shows, TV Action & Adventure"
s21,TV Show,Monsters Inside: The 24 Faces of Billy Milligan,Olivier Megaton,,,22-Sep-21,2021,TV-14,1 Season,"Crime TV Shows, Docuseries, International TV Shows"
s22,TV Show,Resurrection: Ertugrul,,"Engin Altan Düzyatan, Serdar Gökhan, Hülya Darcan, Kaan Taşaner, Esra Bilgiç, Osman Soykut, Serdar Deniz, Cengiz Coşkun, Reshad Strik, Hande Subaşı",Turkey,22-Sep-21,2018,TV-14,5 Seasons,"International TV Shows, TV Action & Adventure, TV Dramas"
s23,Movie,Avvai Shanmughi,K.S. Ravikumar,"Kamal Hassan, Meena, Gemini Ganesan, Heera Rajgopal, Nassar, S.P. Balasubrahmanyam",,21-Sep-21,1996,TV-PG,161 min,"Comedies, International Movies"
s24,Movie,Go! Go! Cory Carson: Chrissy Takes the Wheel,"Alex Woo, Stanley Moore","Maisie Benson, Paul Killam, Kerry Gudjohnsen, AC Lim",,21-Sep-21,2021,TV-Y,61 min,Children & Family Movies
s25,Movie,Jeans,S. Shankar,"Prashanth, Aishwarya Rai Bachchan, Sri Lakshmi, Nassar",India,21-Sep-21,1998,TV-14,166 min,"Comedies, International Movies, Romantic Movies"
s26,TV Show,Love on the Spectrum,,Brooke Satchwell,Australia,21-Sep-21,2021,TV-14,2 Seasons,"Docuseries, International TV Shows, Reality TV"
s27,Movie,Minsara Kanavu,Rajiv Menon,"Arvind Swamy, Kajol, Prabhu Deva, Nassar, S.P. Balasubrahmanyam, Girish Karnad",,21-Sep-21,1997,TV-PG,147 min,"Comedies, International Movies, Music & Musicals"
s28,Movie,Grown Ups,Dennis Dugan,"Adam Sandler, Kevin James, Chris Rock, David Spade, Rob Schneider, Salma Hayek, Maria Bello, Maya Rudolph, Colin Quinn, Tim Meadows, Joyce Van Patten",United States,20-Sep-21,2010,PG-13,103 min,Comedies
s29,Movie,Dark Skies,Scott Stewart,"Keri Russell, Josh Hamilton, J.K. Simmons, Dakota Goyo, Kadan Rockett, L.J. Benet, Rich Hutchman, Myndy Crist, Annie Thurman, Jake Brennan",United States,19-Sep-21,2013,PG-13,97 min,"Horror Movies, Sci-Fi & Fantasy"
s30,Movie,Paranoia,Robert Luketic,"Liam Hemsworth, Gary Oldman, Amber Heard, Harrison Ford, Lucas Till, Embeth Davidtz, Julian McMahon, Josh Holloway, Richard Dreyfuss, Angela Sarafyan","United States, India, France",19-Sep-21,2013,PG-13,106 min,Thrillers
s31,Movie,Ankahi Kahaniya,"Ashwiny Iyer Tiwari, Abhishek Chaubey, Saket Chaudhary","Abhishek Banerjee, Rinku Rajguru, Delzad Hiwale, Kunal Kapoor, Zoya Hussain, Nikhil Dwivedi, Palomi Ghosh",,17-Sep-21,2021,TV-14,111 min,"Dramas, Independent Movies, International Movies"
s32,TV Show,Chicago Party Aunt,,"Lauren Ash, Rory O'Malley, RuPaul Charles, Jill Talley, Ike Barinholtz, Jon Barinholtz, Matthew Craig, Bob Odenkirk, Mike Hagerty, Katie Rich, Chris Witaske",,17-Sep-21,2021,TV-MA,1 Season,TV Comedies
s33,TV Show,Sex Education,,"Asa Butterfield, Gillian Anderson, Ncuti Gatwa, Emma Mackey, Connor Swindells, Kedar Williams-Stirling, Alistair Petrie",United Kingdom,17-Sep-21,2020,TV-MA,3 Seasons,"British TV Shows, International TV Shows, TV Comedies"
s34,TV Show,Squid Game,,"Lee Jung-jae, Park Hae-soo, Wi Ha-jun, Oh Young-soo, Jung Ho-yeon, Heo Sung-tae, Kim Joo-ryoung, Tripathi Anupam, You Seong-joo, Lee You-mi",,17-Sep-21,2021,TV-MA,1 Season,"International TV Shows, TV Dramas, TV Thrillers"
s35,TV Show,Tayo and Little Wizards,,"Dami Lee, Jason Lee, Bommie Catherine Han, Jennifer Waescher, Nancy Kim",,17-Sep-21,2020,TV-Y7,1 Season,Kids' TV
s36,Movie,The Father Who Moves Mountains,Daniel Sandu,"Adrian Titieni, Elena Purea, Judith State, Valeriu Andriuță, Tudor Smoleanu, Virgil Aioanei, Radu Botar, Petronela Grigorescu, Bogdan Nechifor, Cristian Bota",,17-Sep-21,2021,TV-MA,110 min,"Dramas, International Movies, Thrillers"
s37,Movie,The Stronghold,Cédric Jimenez,"Gilles Lellouche, Karim Leklou, François Civil, Adèle Exarchopoulos, Kenza Fortas, Cyril Lecomte, Michaël Abiteboul, Idir Azougli, Vincent Darmuzey, Jean-Yves Berteloot",,17-Sep-21,2021,TV-MA,105 min,"Action & Adventure, Dramas, International Movies"
s38,TV Show,Angry Birds,,"Antti Pääkkönen, Heljä Heikkinen, Lynne Guaglione, Pasi Ruohonen, Rauno Ahonen",Finland,16-Sep-21,2018,TV-Y7,1 Season,"Kids' TV, TV Comedies"
s39,Movie,Birth of the Dragon,George Nolfi,"Billy Magnussen, Ron Yuan, Qu Jingjing, Terry Chen, Vanness Wu, Jin Xing, Philip Ng, Xia Yu, Yu Xia","China, Canada, United States",16-Sep-21,2017,PG-13,96 min,"Action & Adventure, Dramas"
s40,TV Show,Chhota Bheem,,"Vatsal Dubey, Julie Tejwani, Rupa Bhimani, Jigna Bhardwaj, Rajesh Kava, Mousam, Swapnil",India,16-Sep-21,2021,TV-Y7,3 Seasons,Kids' TV
s41,TV Show,He-Man and the Masters of the Universe,,"Yuri Lowenthal, Kimberly Brooks, Antony Del Rio, Trevor Devall, Ben Diskin, Grey Griffin, David Kaye, Tom Kenny, Judy Alice Lee, Roger Craig Smith, Fred Tatasciore",United States,16-Sep-21,2021,TV-Y7,1 Season,"Kids' TV, TV Sci-Fi & Fantasy"
s42,Movie,Jaws,Steven Spielberg,"Roy Scheider, Robert Shaw, Richard Dreyfuss, Lorraine Gary, Murray Hamilton, Carl Gottlieb, Jeffrey Kramer, Susan Backlinie, Jonathan Filley, Ted Grossman",United States,16-Sep-21,1975,PG,124 min,"Action & Adventure, Classic Movies, Dramas"
s43,Movie,Jaws 2,Jeannot Szwarc,"Roy Scheider, Lorraine Gary, Murray Hamilton, Joseph Mascolo, Jeffrey Kramer, Collin Wilcox Paxton, Ann Dusenberry, Mark Gruner, Barry Coe, Susan French",United States,16-Sep-21,1978,PG,116 min,"Dramas, Horror Movies, Thrillers"
s44,Movie,Jaws 3,Joe Alves,"Dennis Quaid, Bess Armstrong, Simon MacCorkindale, Louis Gossett Jr., John Putch, Lea Thompson, P.H. Moriarty, Dan Blasko, Liz Morris, Lisa Maurer",United States,16-Sep-21,1983,PG,98 min,"Action & Adventure, Horror Movies, Thrillers"
s45,Movie,Jaws: The Revenge,Joseph Sargent,"Lorraine Gary, Lance Guest, Mario Van Peebles, Karen Young, Michael Caine, Judith Barsi, Mitchell Anderson, Lynn Whitfield",United States,16-Sep-21,1987,PG-13,91 min,"Action & Adventure, Horror Movies, Thrillers"
s46,Movie,My Heroes Were Cowboys,Tyler Greco,,,16-Sep-21,2021,PG,23 min,Documentaries
s47,Movie,Safe House,Daniel Espinosa,"Denzel Washington, Ryan Reynolds, Vera Farmiga, Brendan Gleeson, Sam Shepard, Rubén Blades, Nora Arnezeder, Robert Patrick, Liam Cunningham, Joel Kinnaman","South Africa, United States, Japan",16-Sep-21,2012,R,115 min,Action & Adventure
s48,TV Show,The Smart Money Woman,Bunmi Ajakaiye,"Osas Ighodaro, Ini Dima-Okojie, Kemi Lala Akindoju, Toni Tones, Ebenezer Eno, Eso Okolocha DIke, Patrick Diabuah, Karibi Fubara, Temisan Emmanuel, Timini Egbuson",,16-Sep-21,2020,TV-MA,1 Season,"International TV Shows, Romantic TV Shows, TV Comedies"
s49,Movie,Training Day,Antoine Fuqua,"Denzel Washington, Ethan Hawke, Scott Glenn, Tom Berenger, Harris Yulin, Raymond J. Barry, Cliff Curtis, Dr. Dre, Snoop Dogg, Macy Gray, Eva Mendes",United States,16-Sep-21,2001,R,122 min,"Dramas, Thrillers"
s50,TV Show,Castle and Castle,,"Richard Mofe-Damijo, Dakore Akande, Bimbo Manuel, Blossom Chukwujekwu, Deyemi Okanlawon, Etim Effiong, Denola Grey, Duke Akintola, Eku Edewor, Ade Laoye, Anee Icha, Kevin Ushi, Jude Chukwuka, Amanda Afolabi",Nigeria,15-Sep-21,2021,TV-MA,2 Seasons,"International TV Shows, TV Dramas"
s51,TV Show,Dharmakshetra,,"Kashmira Irani, Chandan Anand, Dinesh Mehta, Ankit Arora, Pushkar Goggiaa, Anjali Rana, Aarya DharmChand Kumar, Amit Behl, Maleeka Ghai",India,15-Sep-21,2014,TV-PG,1 Season,"International TV Shows, TV Dramas, TV Sci-Fi & Fantasy"
s52,Movie,InuYasha the Movie 2: The Castle Beyond the Looking Glass,Toshiya Shinohara,"Kappei Yamaguchi, Satsuki Yukino, Mieko Harada, Koji Tsujitani, Houko Kuwashima, Kumiko Watanabe, Noriko Hidaka, Kenichi Ogata, Toshiyuki Morikawa, Izumi Ogami",Japan,15-Sep-21,2002,TV-14,99 min,"Action & Adventure, Anime Features, International Movies"
s53,Movie,InuYasha the Movie 3: Swords of an Honorable Ruler,Toshiya Shinohara,"Kappei Yamaguchi, Satsuki Yukino, Koji Tsujitani, Houko Kuwashima, Kumiko Watanabe, Ken Narita, Akio Otsuka, Kikuko Inoue",Japan,15-Sep-21,2003,TV-14,99 min,"Action & Adventure, Anime Features, International Movies"
s54,Movie,InuYasha the Movie 4: Fire on the Mystic Island,Toshiya Shinohara,"Kappei Yamaguchi, Satsuki Yukino, Koji Tsujitani, Houko Kuwashima, Kumiko Watanabe, Noriko Hidaka, Ken Narita, Cho, Mamiko Noto, Nobutoshi Canna",Japan,15-Sep-21,2004,TV-PG,88 min,"Action & Adventure, Anime Features, International Movies"
s55,Movie,InuYasha the Movie: Affections Touching Across Time,Toshiya Shinohara,"Kappei Yamaguchi, Satsuki Yukino, Koji Tsujitani, Houko Kuwashima, Kumiko Watanabe, Kenichi Ogata, Noriko Hidaka, Hisako Kyoda, Ken Narita, Tomokazu Seki",Japan,15-Sep-21,2001,TV-PG,100 min,"Action & Adventure, Anime Features, International Movies"
s56,TV Show,Nailed It,,"Nicole Byer, Jacques Torres",United States,15-Sep-21,2021,TV-PG,6 Seasons,Reality TV
s57,Movie,Naruto Shippuden the Movie: Blood Prison,Masahiko Murata,"Junko Takeuchi, Chie Nakamura, Rikiya Koyama, Kazuhiko Inoue, Masaki Terasoma, Mie Sonozaki, Yuichi Nakamura, Kengo Kawanishi, Kosei Hirota, Masako Katsuki",Japan,15-Sep-21,2011,TV-14,102 min,"Action & Adventure, Anime Features, International Movies"
s58,Movie,Naruto Shippûden the Movie: Bonds,Hajime Kamegaki,"Junko Takeuchi, Chie Nakamura, Noriaki Sugiyama, Unsho Ishizuka, Motoko Kumai, Kazuhiko Inoue, Rikiya Koyama, Showtaro Morikubo, Nana Mizuki, Satoshi Hino, Shinji Kawada",Japan,15-Sep-21,2008,TV-PG,93 min,"Action & Adventure, Anime Features, International Movies"
s59,Movie,Naruto Shippûden the Movie: The Will of Fire,Masahiko Murata,"Junko Takeuchi, Chie Nakamura, Kazuhiko Inoue, Satoshi Hino, Showtaro Morikubo, Kentaro Ito, Ryoka Yuzuki, Kohsuke Toriumi, Nana Mizuki, Shinji Kawada, Yoichi Masukawa, Koichi Tochika, Yukari Tamura",Japan,15-Sep-21,2009,TV-PG,96 min,"Action & Adventure, Anime Features, International Movies"
s60,Movie,Naruto Shippuden: The Movie,Hajime Kamegaki,"Junko Takeuchi, Chie Nakamura, Yoichi Masukawa, Koichi Tochika, Ayumi Fujimura, Keisuke Oda, Daisuke Kishio, Fumiko Orikasa, Hidetoshi Nakamura, Tetsuya Kakihara, Kisho Taniyama, Miyuki Sawashiro, Katsuyuki Konishi, Masako Katsuki, Keiko Nemoto, Masashi Ebara, Kazuhiko Inoue, Showtaro Morikubo, Romi Park, Daisuke Ono, Seizo Kato",Japan,15-Sep-21,2007,TV-PG,95 min,"Action & Adventure, Anime Features, International Movies"
s61,Movie,Naruto Shippuden: The Movie: The Lost Tower,Masahiko Murata,"Junko Takeuchi, Chie Nakamura, Satoshi Hino, Rikiya Koyama, Nobuaki Fukuda, Kenji Hamada, Keiko Nemoto, Saori Hayami, Yumi Toma, Yuko Kobayashi, Fujiko Takimoto, Mutsumi Tamura, Mayuki Makiguchi, Toshiyuki Morikawa",Japan,15-Sep-21,2010,TV-14,85 min,"Action & Adventure, Anime Features, International Movies"
s62,Movie,Naruto the Movie 2: Legend of the Stone of Gelel,Hirotsugu Kawasaki,"Junko Takeuchi, Gamon Kaai, Chie Nakamura, Showtaro Morikubo, Akira Ishida, Yasuyuki Kase, Urara Takano, Sachiko Kojima, Houko Kuwashima, Takako Honda",Japan,15-Sep-21,2005,TV-PG,97 min,"Action & Adventure, Anime Features, International Movies"
s63,Movie,Naruto the Movie 3: Guardians of the Crescent Moon Kingdom,Toshiyuki Tsuru,"Junko Takeuchi, Chie Nakamura, Yoichi Masukawa, Kazuhiko Inoue, Akio Otsuka, Kyousuke Ikeda, Marika Hayashi, Umeji Sasaki, Masashi Sugawara, Hisao Egawa",Japan,15-Sep-21,2006,TV-PG,95 min,"Action & Adventure, Anime Features, International Movies"
s64,Movie,Naruto the Movie: Ninja Clash in the Land of Snow,Tensai Okamura,"Junko Takeuchi, Noriaki Sugiyama, Chie Nakamura, Kazuhiko Inoue, Yuhko Kaida, Tsutomu Isobe, Hirotaka Suzuoki, Jun Karasawa, Harii Kaneko, Ikuo Nishikawa",Japan,15-Sep-21,2004,TV-PG,83 min,"Action & Adventure, Anime Features, International Movies"
s65,Movie,Nightbooks,David Yarovesky,"Winslow Fegley, Lidya Jewett, Krysten Ritter",,15-Sep-21,2021,TV-PG,103 min,Children & Family Movies
s66,TV Show,Numberblocks,,"Beth Chalmers, David Holt, Marcel McCalla, Teresa Gallagher",United Kingdom,15-Sep-21,2021,TV-Y,6 Seasons,Kids' TV
s67,TV Show,Raja Rasoi Aur Anya Kahaniyan,,,India,15-Sep-21,2014,TV-G,1 Season,"Docuseries, International TV Shows"
s68,TV Show,Saved by the Bell,,"Mark-Paul Gosselaar, Tiffani Thiessen, Mario Lopez, Lark Voorhies, Elizabeth Berkley, Dustin Diamond, Dennis Haskins",United States,15-Sep-21,1994,TV-PG,9 Seasons,"Kids' TV, TV Comedies"
s69,Movie,Schumacher,"Hanns-Bruno Kammertöns, Vanessa Nöcker, Michael Wech",Michael Schumacher,,15-Sep-21,2021,TV-14,113 min,"Documentaries, International Movies, Sports Movies"
s70,TV Show,Stories by Rabindranath Tagore,,,India,15-Sep-21,2015,TV-PG,1 Season,"International TV Shows, TV Dramas"
s71,TV Show,Too Hot To Handle: Latino,,Itatí Cantoral,,15-Sep-21,2021,TV-MA,1 Season,"International TV Shows, Reality TV, Romantic TV Shows"
s72,Movie,A StoryBots Space Adventure,David A. Vargas,"Evan Spiridellis, Erin Fitzgerald, Jeff Gill, Fred Tatasciore, Evan Michael Lee, Jared Isaacman, Sian Proctor, Chris Sembroski, Hayley Arceneaux",,14-Sep-21,2021,TV-Y,13 min,Children & Family Movies
s73,TV Show,Jack Whitehall: Travels with My Father,,"Jack Whitehall, Michael Whitehall",United Kingdom,14-Sep-21,2021,TV-MA,5 Seasons,"British TV Shows, Docuseries, International TV Shows"
s74,Movie,King of Boys,Kemi Adetiba,"Sola Sobowale, Adesua Etomi, Remilekun ""Reminisce"" Safaru, Tobechukwu ""iLLbliss"" Ejiofor, Toni Tones, Paul Sambo, Jide Kosoko, Sharon Ooja",Nigeria,14-Sep-21,2018,TV-MA,182 min,"Dramas, International Movies"
s75,TV Show,The World's Most Amazing Vacation Rentals,,,,14-Sep-21,2021,TV-PG,2 Seasons,Reality TV
s76,Movie,You vs. Wild: Out Cold,Ben Simms,"Bear Grylls, Jason Derek Prempeh",,14-Sep-21,2021,TV-G,106 min,Children & Family Movies
s77,TV Show,Yowamushi Pedal,,"Daiki Yamashita, Kohsuke Toriumi, Jun Fukushima, Hiroki Yasumoto, Showtaro Morikubo, Kentaro Ito, Daisuke Kishio, Yoshitsugu Matsuoka, Junichi Suwabe, Ayaka Suwa, Megumi Han, Tomoaki Maeno, Tsubasa Yonaga, Tetsuya Kakihara, Satoshi Hino, Hiroyuki Yoshino, Atsushi Abe, Koji Yusa, Kouki Miyata, Hiro Shimono, Wataru Hatano, Yuichi Nakamura, Kenji Nojima, Mamoru Miyano, Daisuke Ono, Yuma Uchida, Jun Fukuyama",Japan,14-Sep-21,2013,TV-14,1 Season,"Anime Series, International TV Shows"
s78,Movie,Little Singham - Black Shadow,Prakash Satam,"Sumriddhi Shukla, Jigna Bharadwaj, Sonal Kaushal, Neshma Chemburkar, Ganesh Divekar, Annamaya Verma, Anamay Verma, Manoj Pandey",,11-Sep-21,2021,TV-Y7,48 min,"Children & Family Movies, Comedies"
s79,Movie,Tughlaq Durbar,Delhiprasad Deenadayalan,"Vijay Sethupathi, Parthiban, Raashi Khanna",,11-Sep-21,2020,TV-14,145 min,"Comedies, Dramas, International Movies"
s80,Movie,Tughlaq Durbar (Telugu),Delhiprasad Deenadayalan,"Vijay Sethupathi, Parthiban, Raashi Khanna",,11-Sep-21,2021,TV-14,145 min,"Comedies, Dramas, International Movies"
s81,Movie,Firedrake the Silver Dragon,Tomer Eshed,"Thomas Brodie-Sangster, Felicity Jones, Freddie Highmore, Patrick Stewart, Meera Syal, Sanjeev Bhaskar, Nonso Anozie",,10-Sep-21,2021,TV-Y7,93 min,Children & Family Movies
s82,Movie,Kate,Cedric Nicolas-Troyan,"Mary Elizabeth Winstead, Jun Kunimura, Woody Harrelson, Tadanobu Asano, Miyavi, Michiel Huisman, Miku Martineau",United States,10-Sep-21,2021,R,106 min,Action & Adventure
s83,TV Show,Lucifer,,"Tom Ellis, Lauren German, Kevin Alejandro, D.B. Woodside, Lesley-Ann Brandt, Scarlett Estevez, Rachael Harris, Aimee Garcia, Tricia Helfer, Tom Welling, Jeremiah W. Birkett, Pej Vahdat, Michael Gladis",United States,10-Sep-21,2021,TV-14,6 Seasons,"Crime TV Shows, TV Comedies, TV Dramas"
s84,TV Show,Metal Shop Masters,,Jo Koy,,10-Sep-21,2021,TV-MA,1 Season,Reality TV
s85,Movie,Omo Ghetto: the Saga,"JJC Skillz, Funke Akindele","Funke Akindele, Ayo Makun, Chioma Chukwuka Akpotha, Yemi Eberechi Alade, Blossom Chukwujekwu, Deyemi Okanlawon, Alexx Ekubo, Zubby Michael, Tina Mba, Femi Jacobs",Nigeria,10-Sep-21,2020,TV-MA,147 min,"Action & Adventure, Comedies, Dramas"
s86,TV Show,Pokémon Master Journeys: The Series,,"Ikue Otani, Sarah Natochenny, Zeno Robinson, Cherami Leigh, James Carter Cathcart, Michele Knotz, Rodger Parsons, Ray Chase, Casey Mongillo, Tara Sands",,10-Sep-21,2021,TV-Y7,1 Season,"Anime Series, Kids' TV"
s87,Movie,Prey,Thomas Sieben,"David Kross, Hanno Koffler, Maria Ehrich, Robert Finster, Yung Ngo, Klaus Steinbacher, Livia Matthes, Nellie Thalbach",,10-Sep-21,2021,TV-MA,87 min,"International Movies, Thrillers"
s88,TV Show,Titipo Titipo,,"Jeon Hae-ri, Kim Eun-ah, Hong Bum-ki, Nam Do-hyeong, Um Sang-hyun",,10-Sep-21,2019,TV-Y,2 Seasons,"Kids' TV, Korean TV Shows"
s89,Movie,Blood Brothers: Malcolm X & Muhammad Ali,Marcus Clarke,"Malcolm X, Muhammad Ali",,9-Sep-21,2021,PG-13,96 min,"Documentaries, Sports Movies"
s90,TV Show,Mighty Raju,,"Julie Tejwani, Sabina Malik, Jigna Bhardwaj, Rupa Bhimani, Lalit Agarwal, Rajesh Shukla, Rajesh Kava",,9-Sep-21,2017,TV-Y7,4 Seasons,Kids' TV
s91,Movie,Paradise Hills,Alice Waddington,"Emma Roberts, Danielle Macdonald, Awkwafina, Eiza González, Milla Jovovich, Jeremy Irvine, Arnaud Valois, Daniel Horvath","Spain, United States",9-Sep-21,2019,TV-MA,95 min,"Sci-Fi & Fantasy, Thrillers"
s92,Movie,The Women and the Murderer,"Mona Achache, Patricia Tourancheau",,France,9-Sep-21,2021,TV-14,92 min,"Documentaries, International Movies"
s93,TV Show,Into the Night,,"Pauline Etienne, Laurent Capelluto, Stefano Cassetti, Mehmet Kurtuluş, Babetida Sadjo, Jan Bijvoet, Ksawery Szlenkier, Vincent Londez, Regina Bikkinina, Alba Gaïa Kraghede Bellugi, Nabil Mallat",Belgium,8-Sep-21,2021,TV-MA,2 Seasons,"International TV Shows, TV Dramas, TV Mysteries"
s94,Movie,JJ+E,Alexis Almström,"Elsa Öhrn, Mustapha Aarab, Jonay Pineda Skallak, Magnus Krepper, Loreen, Albin Grenholm, Simon Mezher, Elsa Bergström Terent, Josef Kadim, Yohannes Frezgi",,8-Sep-21,2021,TV-MA,91 min,"Dramas, International Movies, Romantic Movies"
s95,Movie,Show Dogs,Raja Gosnell,"Will Arnett, Ludacris, Natasha Lyonne, Stanley Tucci, Jordin Sparks, Gabriel Iglesias, Shaquille O'Neal, Omar Chaparro, Alan Cumming, Andy Beckwith, Delia Sheppard, Kerry Shale","United Kingdom, United States",8-Sep-21,2018,PG,90 min,"Children & Family Movies, Comedies"
s96,TV Show,The Circle,,Michelle Buteau,"United States, United Kingdom",8-Sep-21,2021,TV-MA,3 Seasons,Reality TV
s97,Movie,If I Leave Here Tomorrow: A Film About Lynyrd Skynyrd,Stephen Kijak,"Ronnie Van Zandt, Gary Rossington, Allen Collins, Leon Wilkeson, Bob Burns, Billy Powell, Ed King, Artimus Pyle, Steve Gaines, Johnny Van Zant",United States,7-Sep-21,2018,TV-MA,97 min,"Documentaries, Music & Musicals"
s98,TV Show,Kid Cosmic,,"Jack Fisher, Tom Kenny, Amanda C. Miller, Kim Yarbrough, Keith Ferguson, Grey Griffin, Lily Rose Silver",United States,7-Sep-21,2021,TV-Y7,2 Seasons,"Kids' TV, TV Comedies, TV Sci-Fi & Fantasy"
s99,TV Show,Octonauts: Above & Beyond,,"Antonio Aakeel, Chipo Chung, Simon Foster, Teresa Gallagher, Simon Greenall, Kate Harbour, Paul Panting, Rob Rackstraw, William Vanderpuye, Helen Walsh, Keith Wickham, Andres Williams, Jo Wyatt",United Kingdom,7-Sep-21,2021,TV-Y,1 Season,"British TV Shows, Kids' TV"
s100,TV Show,On the Verge,,"Julie Delpy, Elisabeth Shue, Sarah Jones, Alexia Landeau, Mathieu Demy, Troy Garity, Timm Sharp, Giovanni Ribisi","France, United States",7-Sep-21,2021,TV-MA,1 Season,"TV Comedies, TV Dramas"
s101,TV Show,Tobot Galaxy Detectives,,"Austin Abell, Travis Turner, Cole Howard, Anna Cummer, Jesse Inocalla, Brian Dobson, Michael Adamthwaite, Joseph Girgis, Caitlyn Bairstow",,7-Sep-21,2019,TV-Y7,2 Seasons,Kids' TV
s102,Movie,Untold: Breaking Point,"Chapman Way, Maclain Way",,United States,7-Sep-21,2021,TV-MA,80 min,"Documentaries, Sports Movies"
s103,TV Show,Countdown: Inspiration4 Mission to Space,Jason Hehir,,,6-Sep-21,2021,TV-14,1 Season,"Docuseries, Science & Nature TV"
s104,Movie,Shadow Parties,Yemi Amodu,"Jide Kosoko, Omotola Jalade-Ekeinde, Yemi Blaq, Sola Sobowale, Ken Erics, Toyin Aimakhu, Segun Arinze, Jibola Dabo, Rotimi Salami, Pa Jimi Solanke, Rachael Okonkwo, Bassey Okon, Lucien Morgan, Magdalena Korpas",,6-Sep-21,2020,TV-MA,117 min,"Dramas, International Movies, Thrillers"
s105,TV Show,Tayo the Little Bus,,"Robyn Slade, Kami Desilets",South Korea,6-Sep-21,2016,TV-Y,2 Seasons,"Kids' TV, Korean TV Shows"
s106,Movie,Angamaly Diaries,Lijo Jose Pellissery,"Antony Varghese, Reshma Rajan, Binny Rinky Benjamin, Vineeth Vishwam, Kichu Tellus, Sreekanth Dasan, Sarath Kumar, Tito Wilson, Anandhu, Bitto Davis, Sinoj Varghese",India,5-Sep-21,2017,TV-14,128 min,"Action & Adventure, Comedies, Dramas"
s107,TV Show,Bunk'd,,"Peyton List, Karan Brar, Skai Jackson, Miranda May, Kevin G. Quinn, Nathan Arenas, Nina Lu",United States,5-Sep-21,2021,TV-G,5 Seasons,"Kids' TV, TV Comedies"
s108,Movie,A Champion Heart,David de Vos,"Mandy Grace, David de Vos, Donna Rusch, Devan Key, Isabella Mancuso, Ariana Guido",United States,4-Sep-21,2018,G,90 min,"Children & Family Movies, Dramas"
s109,TV Show,Dive Club,,"Aubri Ibrag, Sana'a Shaik, Miah Madden, Mercy Cornwall, Georgia-May Davis, Ryan Harrison, Josh Heuston, Alexander Grant",Australia,3-Sep-21,2021,TV-G,1 Season,"Kids' TV, TV Dramas, Teen TV Shows"
s110,TV Show,La casa de papel,,"Úrsula Corberó, Itziar Ituño, Álvaro Morte, Paco Tous, Enrique Arce, Pedro Alonso, María Pedraza, Alba Flores, Miguel Herrán, Jaime Lorente, Esther Acebo, Darko Peric, Kiti Mánver",Spain,3-Sep-21,2021,TV-MA,5 Seasons,"Crime TV Shows, International TV Shows, Spanish-Language TV Shows"
s111,TV Show,Money Heist: From Tokyo to Berlin,"Luis Alfaro, Javier Gómez Santander",,,3-Sep-21,2021,TV-MA,1 Season,"Docuseries, International TV Shows, Spanish-Language TV Shows"
s112,TV Show,Sharkdog,,"Liam Mitchell, Dee Bradley Baker, Grey Griffin, Josh McDermitt, Kari Wahlgren, Judy Alice Lee, Ali Mawji","United States, Singapore",3-Sep-21,2021,TV-Y,1 Season,Kids' TV
s113,Movie,Worth,Sara Colangelo,"Michael Keaton, Stanley Tucci, Amy Ryan, Shunori Ramanathan, Ato Blankson-Wood, Tate Donovan, Laura Benanti, Chris Tardio",,3-Sep-21,2021,PG-13,119 min,Dramas
s114,Movie,Afterlife of the Party,Stephen Herek,"Victoria Justice, Midori Francis, Robyn Scott, Adam Garcia, Timothy Renouf, Gloria Garcia, Myfanwy Waring, Spencer Sutherland",,2-Sep-21,2021,TV-PG,110 min,"Comedies, Romantic Movies"
s115,Movie,Anjaam,Rahul Rawail,"Madhuri Dixit, Shah Rukh Khan, Tinnu Anand, Johny Lever, Kalpana Iyer, Himani Shivpuri, Sudha Chandran, Beena, Kiran Kumar",India,2-Sep-21,1994,TV-14,143 min,"Dramas, International Movies, Thrillers"
s116,Movie,Bright Star,Jane Campion,"Abbie Cornish, Ben Whishaw, Paul Schneider, Kerry Fox, Edie Martin, Thomas Brodie-Sangster, Claudie Blakley, Gerard Monaco, Antonia Campbell-Hughes, Samuel Roukin","United Kingdom, Australia, France",2-Sep-21,2009,PG,119 min,"Dramas, Romantic Movies"
s117,Movie,Dhanak,Nagesh Kukunoor,"Krrish Chhabria, Hetal Gada, Vipin Sharma, Gulfam Khan, Suresh Menon, Vijay Maurya, Rajiv Lakshman, Ninad Kamat",India,2-Sep-21,2015,TV-PG,114 min,"Comedies, Dramas, Independent Movies"
s118,Movie,Final Account,Luke Holland,,"United Kingdom, United States",2-Sep-21,2021,PG-13,94 min,Documentaries
s119,Movie,Gurgaon,Shanker Raman,"Akshay Oberoi, Pankaj Tripathi, Ragini Khanna, Aamir Bashir, Shalini Vatsa, Ashish Verma",India,2-Sep-21,2017,TV-14,106 min,"Dramas, International Movies, Thrillers"
s120,Movie,Here and There,JP Habac,"Janine Gutierrez, JC Santos, Victor Anastacio, Yesh Burce, Lotlot De Leon",,2-Sep-21,2020,TV-MA,99 min,"Dramas, International Movies, Romantic Movies"
s121,TV Show,Heroes of Goo Jit Zu,,"Jon Allen, Kellen Goff, Joe Hernandez, Kaiji Tang",Australia,2-Sep-21,2021,TV-Y7,1 Season,"Kids' TV, TV Comedies"
s122,TV Show,Hotel Del Luna,,"Lee Ji-eun, Yeo Jin-goo, Shin Jung-geun, Seo Yi-sook, Bae Hae-sun, Pyo Ji-hoon, Cho Hyun-chul, Kang Hong-suk, Lee Do-hyun, Lee Tae-seon, Kang Mina, Park You-na, Oh Ji-ho",,2-Sep-21,2019,TV-14,1 Season,"International TV Shows, Romantic TV Shows, TV Comedies"
s123,Movie,In the Cut,Jane Campion,"Meg Ryan, Mark Ruffalo, Jennifer Jason Leigh, Nick Damici, Sharrieff Pugh, Kevin Bacon, Yaani King Mondschein, Heather Litteer","United Kingdom, Australia, France, United States",2-Sep-21,2003,R,118 min,Thrillers
s124,TV Show,Luv Kushh,,,,2-Sep-21,2012,TV-Y7,1 Season,Kids' TV
s125,TV Show,Pororo - The Little Penguin,,,South Korea,2-Sep-21,2013,TV-Y7,3 Seasons,"Kids' TV, Korean TV Shows"
s126,TV Show,Q-Force,,"Sean Hayes, Wanda Sykes, Laurie Metcalf, David Harbour, Gary Cole, Patti Harrison, Matt Rogers",United States,2-Sep-21,2021,TV-MA,1 Season,"Crime TV Shows, TV Action & Adventure, TV Comedies"
s127,Movie,Shikara,Vidhu Vinod Chopra,"Aadil Khan, Sadia Khateeb, Zain Khan Durrani, Priyanshu Chatterjee, Bhavna Chauhan, Ashwin Dhar, Farid Azad Khan, Saghar Sehrai",India,2-Sep-21,2020,TV-14,115 min,"Dramas, International Movies, Romantic Movies"
s128,Movie,A Cinderella Story,Mark Rosman,"Hilary Duff, Chad Michael Murray, Jennifer Coolidge, Dan Byrd, Regina King, Julie Gonzalo, Lin Shaye, Madeline Zima, Andrea Avery, Mary Pat Gleason, Paul Rodriguez, Whip Hubley, Kevin Kilner, Erica Hubbard, Simon Helberg","United States, Canada",1-Sep-21,2004,PG,95 min,"Children & Family Movies, Comedies"
s129,Movie,Agatha Christie's Crooked House,Gilles Paquet-Brenner,"Glenn Close, Terence Stamp, Max Irons, Gillian Anderson, Christina Hendricks, Stefanie Martini, Julian Sands, Honor Kneafsey, Christian McKay, Amanda Abbington",,1-Sep-21,2017,PG-13,115 min,"Dramas, International Movies, Thrillers"
s130,Movie,An Unfinished Life,Lasse Hallström,"Robert Redford, Jennifer Lopez, Morgan Freeman, Josh Lucas, Damian Lewis, Camryn Manheim, Becca Gardner, Lynda Boyd, Rob Hayter, P. Lynn Johnson","Germany, United States",1-Sep-21,2005,PG-13,108 min,Dramas
s131,Movie,Barbie Big City Big Dreams,Scott Pleydell-Pearce,"America Young, Amber May, Giselle Fernandez, Alejandro Saab, Dinora Walcott",,1-Sep-21,2021,TV-Y,63 min,"Children & Family Movies, Music & Musicals"
s132,Movie,Blade Runner: The Final Cut,Ridley Scott,"Harrison Ford, Rutger Hauer, Sean Young, Edward James Olmos, M. Emmet Walsh, Daryl Hannah, William Sanderson, Brion James, Joe Turkel, Joanna Cassidy, James Hong, Morgan Paull",United States,1-Sep-21,1982,R,117 min,"Action & Adventure, Classic Movies, Cult Movies"
s133,TV Show,Brave Animated Series,,"Tseng Yun-fan, Kao Yun-shuo, Chiang Ching-yen, Meng Ching-fu, Huang Bai-wei, Ma Kuo-yao, Chen Yen-chun, Sun Ke-fang, Kai Yang-niu, Chen Yu-wen, Nick Liao, Lin Kai-ling, Mickey Huang, Liu Kuan-ting, Jiang Du-hui",,1-Sep-21,2021,TV-MA,1 Season,"International TV Shows, TV Action & Adventure, TV Comedies"
s134,Movie,Chappie,Neill Blomkamp,"Sharlto Copley, Hugh Jackman, Sigourney Weaver, Dev Patel, Ninja, Yo-Landi Visser, Jose Pablo Cantillo, Brandon Auret, Johnny Selema, Maurice Carpede","South Africa, United States",1-Sep-21,2015,R,121 min,"Action & Adventure, Sci-Fi & Fantasy"
s135,Movie,Clear and Present Danger,Phillip Noyce,"Harrison Ford, Willem Dafoe, Anne Archer, Joaquim de Almeida, Henry Czerny, Harris Yulin, Donald Moffat, Miguel Sandoval, Benjamin Bratt, Dean Jones, Thora Birch, James Earl Jones, Raymond Cruz","United States, Mexico",1-Sep-21,1994,PG-13,142 min,"Action & Adventure, Dramas"
s136,Movie,Cliffhanger,Renny Harlin,"Sylvester Stallone, John Lithgow, Michael Rooker, Janine Turner, Rex Linn, Caroline Goodall, Leon, Craig Fairbrass, Ralph Waite, Max Perlich, Paul Winfield","United States, Italy, France, Japan",1-Sep-21,1993,R,113 min,Action & Adventure
s137,Movie,Cold Mountain,Anthony Minghella,"Jude Law, Nicole Kidman, Renée Zellweger, Eileen Atkins, Brendan Gleeson, Philip Seymour Hoffman, Natalie Portman, Giovanni Ribisi, Donald Sutherland, Ray Winstone","United States, Italy, Romania, United Kingdom",1-Sep-21,2003,R,154 min,"Dramas, Romantic Movies"
s138,Movie,Crocodile Dundee in Los Angeles,Simon Wincer,"Paul Hogan, Linda Kozlowski, Jere Burns, Jonathan Banks, Aida Turturro, Alec Wilson, Gerry Skilton, Steve Rackman, Serge Cockburn, Paul Rodriguez, Mark Adair-Rios, Tiriel Mora, Grant Piro, Mike Tyson","Australia, United States",1-Sep-21,2001,PG,95 min,"Action & Adventure, Comedies"
s139,Movie,Dear John,Lasse Hallström,"Channing Tatum, Amanda Seyfried, Richard Jenkins, Henry Thomas, D.J. Cotrona, Cullen Moss, Gavin McCulley, Jose Lucena Jr., Keith Robinson, Scott Porter",United States,1-Sep-21,2010,PG-13,108 min,"Dramas, Romantic Movies"
s140,Movie,Do the Right Thing,Spike Lee,"Danny Aiello, Ossie Davis, Ruby Dee, Richard Edson, Giancarlo Esposito, Spike Lee, Bill Nunn, John Turturro, Paul Benjamin, Frankie Faison, Samuel L. Jackson, Rosie Perez, Martin Lawrence, Miguel Sandoval",United States,1-Sep-21,1989,R,120 min,"Classic Movies, Comedies, Dramas"
s141,Movie,"El patrón, radiografía de un crimen",Sebastián Schindel,"Joaquín Furriel, Luis Ziembrowski, Guillermo Pfening, Mónica Lairana, Germán de Silva, Victoria Raposo, Andrea Garrote","Argentina, Venezuela",1-Sep-21,2014,TV-MA,100 min,"Dramas, International Movies, Thrillers"
s142,Movie,Extraction,Steven C. Miller,"Bruce Willis, Kellan Lutz, Gina Carano, D.B. Sweeney, Joshua Mikel, Steve Coulter, Dan Bilzerian, Heather Johansen","United States, United Kingdom, Canada",1-Sep-21,2015,R,82 min,Action & Adventure
s143,Movie,Freedom Writers,Richard LaGravenese,"Hilary Swank, Patrick Dempsey, Scott Glenn, Imelda Staunton, April L. Hernandez, Mario, Kristin Herrera, Jaclyn Ngan, Sergio Montalvo, Jason Finn, Deance Wyatt, Vanetta Smith","Germany, United States",1-Sep-21,2007,PG-13,124 min,Dramas
s144,Movie,Green Lantern,Martin Campbell,"Ryan Reynolds, Blake Lively, Peter Sarsgaard, Mark Strong, Tim Robbins, Jay O. Sanders, Taika Waititi, Angela Bassett",United States,1-Sep-21,2011,PG-13,114 min,"Action & Adventure, Sci-Fi & Fantasy"
s145,Movie,House Party,Reginald Hudlin,"Christopher Reid, Christopher Martin, Robin Harris, Tisha Campbell, A.J. Johnson, Martin Lawrence, Paul Anthony, Bowlegged Lou, B-Fine, Edith Fields, Kelly Jo Minter, Clifton Powell, Verda Bridges",United States,1-Sep-21,1990,R,104 min,"Comedies, Cult Movies"
s146,Movie,House Party 2,"George Jackson, Doug McHenry","Christopher Reid, Christopher Martin, Martin Lawrence, Bowlegged Lou, Paul Anthony, B-Fine, Tisha Campbell, Kamron, Iman, Queen Latifah",United States,1-Sep-21,1991,R,94 min,"Comedies, Cult Movies, Music & Musicals"
s147,Movie,House Party 3,Eric Meza,"Christopher Reid, Christopher Martin, Tisha Campbell, David Edwards, Angela Means, Ketty Lester, Bernie Mac, Michael Colyar, Chris Tucker, Khandi Alexander",United States,1-Sep-21,1994,R,94 min,"Comedies, Music & Musicals"
s148,TV Show,How to Be a Cowboy,,,,1-Sep-21,2021,TV-PG,1 Season,Reality TV
s149,TV Show,HQ Barbers,Gerhard Mostert,"Hakeem Kae-Kazim, Chioma Omeruah, Orukotan Adejola, Flora Chiedo, Emeka Nwagbaraocha, Anthony Oseyemi, Oluwabukola Thomas, Soibifaa Dokubo",,1-Sep-21,2020,TV-14,1 Season,TV Shows
s150,Movie,I Got the Hook Up,Michael Martin,"Master P, Anthony Johnson, Gretchen Palmer, Frantz Turner, Richard Keats, Joe Estevez, William Knight, Anthony Boswell, Tommy 'Tiny' Lister, Helen Martin, John Witherspoon, Mia X",United States,1-Sep-21,1998,R,93 min,"Action & Adventure, Comedies"
s151,Movie,In Too Deep,Michael Rymer,"Omar Epps, LL Cool J, Nia Long, Stanley Tucci, Pam Grier, Hill Harper, Jake Weber, David Patrick Kelly, Veronica Webb, Ron Canada, Robert LaSardo, Gano Grills, Ivonne Coll, Don Harvey, Mya, Nasir 'Nas' Jones, Jermaine Dupri",United States,1-Sep-21,1999,R,97 min,Thrillers
s152,Movie,Initial D,"Andrew Lau Wai-keung, Alan Mak","Jay Chou, Anne Suzuki, Edison Chen, Anthony Wong Chau-sang, Shawn Yue, Chapman To, Jordan Chan, Kenny Bee","China, Hong Kong",1-Sep-21,2005,TV-14,109 min,"Action & Adventure, International Movies"
s153,Movie,Janoskians: Untold and Untrue,Brett Weiner,"Jai Brooks, Luke Brooks, James Yammouni, Daniel Sahyounie, Beau Brooks",United States,1-Sep-21,2016,TV-MA,88 min,Comedies
s154,TV Show,Kid-E-Cats,,"Lori Gardner, Kate Bristol, Billy Bob Thompson, Marc Thompson, Erica Schroeder",Russia,1-Sep-21,2016,TV-Y,2 Seasons,Kids' TV
s155,TV Show,Kuroko's Basketball,,"Kensho Ono, Yuki Ono, Chiwa Saito, Yoshimasa Hosoya, Hirofumi Nojima, Kenji Hamada, Takuya Eguchi, Soichiro Hoshi, Tatsuhisa Suzuki, Go Inoue, Daisuke Ono, Ryohei Kimura, Junichi Suwabe, Kazuya Nakai, Fumiko Orikasa, Kenichi Suzumura, Kisho Taniyama, Hiroshi Kamiya",Japan,1-Sep-21,2015,TV-MA,3 Seasons,"Anime Series, International TV Shows, Teen TV Shows"
s156,Movie,Labyrinth,Jim Henson,"David Bowie, Jennifer Connelly, Frank Oz, Kevin Clash, Anthony Asbury, Dave Goelz, Brian Henson, Ron Mueck, Karen Prell, Shari Weiser","United Kingdom, United States",1-Sep-21,1986,PG,101 min,"Action & Adventure, Children & Family Movies, Cult Movies"
s157,Movie,Letters to Juliet,Gary Winick,"Amanda Seyfried, Christopher Egan, Gael García Bernal, Vanessa Redgrave, Franco Nero, Luisa Ranieri, Marina Massironi, Milena Vukotic, Marcia DeBonis, Luisa De Santis, Lidia Biondi, Giordano Formenti, Chris Egan",United States,1-Sep-21,2010,PG,105 min,"Comedies, Dramas, Romantic Movies"
s158,Movie,Level 16,Danishka Esterhazy,"Katie Douglas, Celina Martin, Peter Outerbridge, Sara Canning, Alexis Whelan, Amalia Williamson, Josette Halpert, Kiana Madeira",Canada,1-Sep-21,2018,TV-14,102 min,"Sci-Fi & Fantasy, Thrillers"
s159,Movie,Love Don't Cost a Thing,Troy Byer,"Nick Cannon, Christina Milian, Kenan Thompson, Kal Penn, Steve Harvey, Al Thompson, Ashley Monique Clark, Elimu Nelson, Nichole Robinson, Melissa Schuman",United States,1-Sep-21,2003,PG-13,101 min,"Comedies, Romantic Movies"
s160,Movie,Love in a Puff,Pang Ho-cheung,"Miriam Chin Wah Yeung, Shawn Yue, Singh Hartihan Bitto, Isabel Chan, Cheung Tat-ming, Matt Chow, Chui Tien-you, Queenie Chu, Charmaine Fong, Vincent Kok",Hong Kong,1-Sep-21,2010,TV-MA,103 min,"Comedies, Dramas, International Movies"
s161,TV Show,Major Dad,,"Gerald McRaney, Shanna Reed, Nicole Dubuc, Chelsea Hertford, Marisa Ryan, Matt Mulhern, Beverly Archer, Jon Cypher",United States,1-Sep-21,1992,TV-PG,4 Seasons,TV Comedies
s162,Movie,Mars Attacks!,Tim Burton,"Jack Nicholson, Glenn Close, Annette Bening, Pierce Brosnan, Danny DeVito, Martin Short, Sarah Jessica Parker, Michael J. Fox, Rod Steiger, Tom Jones, Lukas Haas, Natalie Portman",United States,1-Sep-21,1996,PG-13,106 min,"Comedies, Cult Movies, Sci-Fi & Fantasy"
s163,Movie,Marshall,Reginald Hudlin,"Chadwick Boseman, Josh Gad, Kate Hudson, Sterling K. Brown, Dan Stevens, James Cromwell, Keesha Sharp, Roger Guenveur Smith, Derrick Baskin, Barrett Doss","United States, China, Hong Kong",1-Sep-21,2017,PG-13,118 min,Dramas
s164,Movie,My Boss's Daughter,David Zucker,"Ashton Kutcher, Tara Reid, Jeffrey Tambor, Andy Richter, Michael Madsen, Jon Abrahams, David Koechner, Carmen Electra, Kenan Thompson, Terence Stamp, Molly Shannon",United States,1-Sep-21,2003,R,86 min,"Comedies, Romantic Movies"
s165,Movie,Mystery Men,Kinka Usher,"Ben Stiller, Hank Azaria, William H. Macy, Janeane Garofalo, Kel Mitchell, Paul Reubens, Wes Studi, Greg Kinnear, Geoffrey Rush, Lena Olin, Eddie Izzard, Artie Lange, Pras, Claire Forlani, Tom Waits",United States,1-Sep-21,1999,PG-13,121 min,"Action & Adventure, Comedies"
s166,TV Show,Oldsters,,"Patricio Contreras, Alejandro Goic, Sergio Hernández, Mariana Loyola Ruz, Alejandro Trejo, Daniel Alcaíno Cuevas, Nicolás Poblete, Susana Hidalgo, Gloria Münchmeyer",,1-Sep-21,2019,TV-MA,1 Season,"Crime TV Shows, International TV Shows, Spanish-Language TV Shows"
s167,Movie,Once Upon a Time in America,Sergio Leone,"Robert De Niro, James Woods, Elizabeth McGovern, Treat Williams, Tuesday Weld, Burt Young, Joe Pesci, Danny Aiello, William Forsythe, James Hayden","Italy, United States",1-Sep-21,1984,R,229 min,"Classic Movies, Dramas"
s168,Movie,Open Season 2,"Matthew O'Callaghan, Todd Wilderman","Joel McHale, Mike Epps, Jane Krakowski, Billy Connolly, Crispin Glover, Steve Schirripa, Georgia Engel, Diedrich Bader, Cody Cameron, Fred Stoller, Olivia Hack","United States, Canada",1-Sep-21,2008,PG,76 min,"Children & Family Movies, Comedies"
s169,Movie,Osmosis Jones,"Bobby Farrelly, Peter Farrelly","Chris Rock, Laurence Fishburne, David Hyde Pierce, Brandy Norwood, William Shatner, Ron Howard, Kid Rock, Ben Stein",United States,1-Sep-21,2001,PG,95 min,"Action & Adventure, Children & Family Movies, Comedies"
s170,Movie,Poseidon,Wolfgang Petersen,"Josh Lucas, Kurt Russell, Jacinda Barrett, Richard Dreyfuss, Emmy Rossum, Mía Maestro, Mike Vogel, Kevin Dillon, Freddy Rodríguez",United States,1-Sep-21,2006,PG-13,98 min,"Action & Adventure, Dramas"
s171,Movie,Rhyme & Reason,Peter Spirer,"Too $hort, B-Real, Kurtis Blow, Da Brat, Grandmaster Caz, Sean ""P. Diddy"" Combs, Chuck D., Desiree Densiti, Dr. Dre, E-40, MC Eiht, Heavy D, Lauryn Hill, Ice-T, Wyclef Jean, Ras Kass, KRS-One, L.V., Mack 10, Craig Mack, Method Man, Keith Murray, Nasir 'Nas' Jones, The Notorious B.I.G., Master P, Q-Tip, Raekwon, Redman, Senen Reyes, Busta Rhymes, RZA, DJ Scratch, Erick Sermon, Tupac Shakur, Adario Strange, Suave",United States,1-Sep-21,1997,R,89 min,"Documentaries, Music & Musicals"
s172,Movie,Same Kind of Different as Me,Michael Carney,"Greg Kinnear, Renée Zellweger, Djimon Hounsou, Jon Voight, Olivia Holt",United States,1-Sep-21,2017,PG-13,120 min,"Dramas, Faith & Spirituality"
s173,Movie,School of Rock,Richard Linklater,"Jack Black, Joan Cusack, Mike White, Sarah Silverman, Lee Wilkof, Kate McGregor-Stewart, Adam Pascal, Suzzanne Douglas, Miranda Cosgrove, Kevin Alexander Clark, Joey Gaydos Jr., Robert Tsai, Veronica Afflerbach, Jordan-Claire Green","United States, Germany",1-Sep-21,2003,PG-13,110 min,"Comedies, Music & Musicals"
s174,Movie,Snervous Tyler Oakley,Amy Rice,Tyler Oakley,United States,1-Sep-21,2015,PG-13,83 min,"Documentaries, LGBTQ Movies"
s175,Movie,Tears of the Sun,Antoine Fuqua,"Bruce Willis, Monica Bellucci, Cole Hauser, Eamonn Walker, Johnny Messner, Nick Chinlund, Charles Ingram, Paul Francis, Chad Smith, Tom Skerritt, Malick Bowens, Awaovieyi Agie",United States,1-Sep-21,2003,R,121 min,"Action & Adventure, Dramas"
s176,Movie,The Blue Lagoon,Randal Kleiser,"Brooke Shields, Christopher Atkins, Leo McKern, William Daniels, Elva Josephson, Glenn Kohan, Alan Hopgood, Gus Mercurio",United States,1-Sep-21,1980,R,105 min,"Dramas, Romantic Movies"
s177,Movie,The Golden Child,Michael Ritchie,"Eddie Murphy, J.L. Reate, Charles Dance, Charlotte Lewis, Victor Wong, Randall Tex Cobb, James Hong, Shakti Chen, Tau Logo, Tiger Chung Lee",United States,1-Sep-21,1986,PG-13,94 min,"Action & Adventure, Comedies"
s178,Movie,The Guns of Navarone,J. Lee Thompson,"Gregory Peck, David Niven, Anthony Quinn, Stanley Baker, Anthony Quayle, James Darren, Irene Papas, Gia Scala, James Robertson Justice, Richard Harris","United Kingdom, United States",1-Sep-21,1961,TV-14,156 min,"Action & Adventure, Classic Movies"
s179,Movie,The Interview,"Evan Goldberg, Seth Rogen","James Franco, Seth Rogen, Lizzy Caplan, Randall Park, Diana Bang, Timothy Simons, Reese Alexander, James Yi",United States,1-Sep-21,2014,R,112 min,"Action & Adventure, Comedies"
s180,Movie,The Nutty Professor,Tom Shadyac,"Eddie Murphy, Jada Pinkett Smith, James Coburn, Larry Miller, Dave Chappelle, John Ales, Patricia Wilson, Jamal Mixon",United States,1-Sep-21,1996,PG-13,95 min,"Comedies, Romantic Movies"
s181,Movie,The Nutty Professor II: The Klumps,Peter Segal,"Eddie Murphy, Janet Jackson, Larry Miller, John Ales, Richard Gant, Anna Maria Horsford, Melinda McGraw, Jamal Mixon, Gabriel Williams, Chris Elliott",,1-Sep-21,2000,PG-13,107 min,"Comedies, Romantic Movies"
s182,TV Show,Turning Point: 9/11 and the War on Terror,,,,1-Sep-21,2021,TV-14,1 Season,Docuseries
s183,Movie,Welcome Home Roscoe Jenkins,Malcolm D. Lee,"Martin Lawrence, James Earl Jones, Joy Bryant, Margaret Avery, Mike Epps, Mo'Nique, Cedric the Entertainer, Nicole Ari Parker, Michael Clarke Duncan, Louis C.K.",United States,1-Sep-21,2008,PG-13,114 min,Comedies
s184,Movie,In the Line of Fire,Wolfgang Petersen,"Clint Eastwood, John Malkovich, Rene Russo, Dylan McDermott, Gary Cole, Fred Thompson, John Mahoney, Gregory Alan Williams, Jim Curley, Sally Hughes",United States,31-Aug-21,1993,R,129 min,"Action & Adventure, Classic Movies"
s185,TV Show,Sparking Joy,,Marie Kondo,United States,31-Aug-21,2021,TV-PG,1 Season,Reality TV
s186,Movie,Untold: Crime & Penalties,"Chapman Way, Maclain Way",,,31-Aug-21,2021,TV-MA,86 min,"Documentaries, Sports Movies"
s187,TV Show,Hometown Cha-Cha-Cha,,"Shin Min-a, Kim Seon-ho, Lee Sang-yi, Gong Min-jeung, Kim Young-ok, Cho Han-cheul, In Gyo-jin, Lee Bong-ryeon, Cha Cheong-hwa, Kang Hyung-suk",,29-Aug-21,2021,TV-14,1 Season,"International TV Shows, Romantic TV Shows, TV Comedies"
s188,TV Show,The Ingenuity of the Househusband,,Kenjiro Tsuda,,29-Aug-21,2021,TV-G,1 Season,"International TV Shows, TV Comedies"
s189,Movie,2 Alone in Paris,"Ramzy Bedia, Éric Judor","Ramzy Bedia, Éric Judor, Benoît Magimel, Kristin Scott Thomas, Élodie Bouchez, Édouard Baer, Fred Testot, Omar Sy",France,28-Aug-21,2008,TV-MA,97 min,"Comedies, International Movies"
s190,TV Show,Bread Barbershop,,"Um Sang-hyun, Park Yoon-hee, Kang Shi-hyun, Hong Bum-ki, Kim Hyun-wook, Lee In-suk, Song Ha-rim",,28-Aug-21,2020,TV-Y,2 Seasons,"Kids' TV, TV Comedies"
s191,Movie,Thimmarusu,Sharan Koppisetty,"Satya Dev, Priyanka Jawalkar, Brahmaji",India,28-Aug-21,2021,TV-14,125 min,"Dramas, International Movies"
s192,Movie,Wind River,Taylor Sheridan,"Jeremy Renner, Elizabeth Olsen, Jon Bernthal, Gil Birmingham, Kelsey Asbille, Tantoo Cardinal, Teo Briones, Matthew Del Negro, Hugh Dillon, Julia Jones, James Jordan, Eric Lange, Martin Sensmeier, Mason Davis, Graham Greene","United Kingdom, Canada, United States",28-Aug-21,2017,R,107 min,"Dramas, Independent Movies"
s193,Movie,C Kkompany,Sachin Yardi,"Mithun Chakraborty, Tusshar Kapoor, Anupam Kher, Rajpal Yadav, Raima Sen, Dilip Prabhavalkar, Sanjay Mishra",India,27-Aug-21,2008,TV-14,127 min,"Action & Adventure, Comedies, International Movies"
s194,TV Show,D.P.,,"Jung Hae-in, Koo Kyo-hwan, Kim Sung-kyun, Son Suk-ku",", South Korea",27-Aug-21,2021,TV-MA,1 Season,"International TV Shows, TV Dramas"
s195,TV Show,Deadly Sins,,"Frank Ramirez, Patricia Castañeda, Chela del Río, Patrick Delmas, María José Martínez, Robinson Díaz, Juan Ángel, Guillermo Olarte, Constanza Duque, Marcela Carvajal",,27-Aug-21,2002,TV-MA,1 Season,"International TV Shows, Spanish-Language TV Shows, TV Dramas"
s196,Movie,EMI: Liya Hai To Chukana Padega,Saurabh Kabra,"Sanjay Dutt, Arjun Rampal, Malaika Arora, Aashish Chaudhary, Neha Uberoi, Urmila Matondkar, Manoj Joshi, Daya Shankar Pandey, Pushkar Jog, Kulbhushan Kharbanda",India,27-Aug-21,2008,TV-14,128 min,"Comedies, Dramas, International Movies"
s197,Movie,He's All That,Mark Waters,"Addison Rae, Tanner Buchanan, Rachael Leigh Cook, Madison Pettis, Isabella Crovetti, Matthew Lillard, Peyton Meyer, Annie Jacob, Myra Molloy, Kourtney Kardashian",,27-Aug-21,2021,TV-14,92 min,"Comedies, Romantic Movies"
s198,TV Show,I Heart Arlo,,"Michael J. Woodard, Mary Lambert, Jonathan Van Ness, Haley Tju, Brett Gelman, Tony Hale, Vincent Rodriguez III, Annie Potts, Jessica Williams, Melissa Villaseñor, Cathy Vu, Jennifer Coolidge, Flea",,27-Aug-21,2021,TV-Y7,1 Season,"Kids' TV, TV Comedies"
s199,TV Show,King of Boys: The Return of the King,Kemi Adetiba,"Sola Sobowale, Toni Tones, Richard Mofe-Damijo, Efa Iwara, Titi Kuti, Tobechukwu ""iLLbliss"" Ejiofor, Remilekun ""Reminisce"" Safaru, Charles  ""Charly Boy"" Oputa, Nse Ikpe-Etim, Keppy Ekpenyong Bassey, Bimbo Manuel, Akin Lewis, Lord Frank, Osas Ighodaro, Taiwo Ajai-Lycett, Paul Sambo",Nigeria,27-Aug-21,2021,TV-MA,1 Season,"Crime TV Shows, International TV Shows, TV Dramas"
s200,Movie,Koi Aap Sa,Partho Mitra,"Aftab Shivdasani, Natassha, Dipannita Sharma, Himanshu Mallik, Vaidya Advai, Pushy Anand, Shama Deshpande, Rajendra Gupta",India,27-Aug-21,2006,TV-14,135 min,"Comedies, Dramas, International Movies"
s201,Movie,Krishna Cottage,Santram Varma,"Sohail Khan, Isha Koppikar, Natassha, Rati Agnihotri, Vrajesh Hirjee, Divya Palat, Hiten Tejwani, Rajendranath Zutshi",India,27-Aug-21,2004,TV-14,124 min,"Action & Adventure, Horror Movies, International Movies"
s202,Movie,Kucch To Hai,"Anil V. Kumar, Anurag Basu","Tusshar Kapoor, Esha Deol, Natassha, Vrajesh Hirjee, Kusumit Sana, Rishi Kapoor, Moon Moon Sen, Johny Lever, Ashay Chitre, Jeetendra",India,27-Aug-21,2003,TV-14,136 min,"Dramas, International Movies, Thrillers"
s203,Movie,Kyaa Kool Hai Hum,Sangeeth Sivan,"Tusshar Kapoor, Riteish Deshmukh, Isha Koppikar, Neha Dhupia, Anupam Kher, Jay Sean",India,27-Aug-21,2005,TV-MA,165 min,"Comedies, International Movies, Music & Musicals"
s204,Movie,Kyaa Kool Hain Hum 3,Umesh Ghadge,"Tusshar Kapoor, Aftab Shivdasani, Krishna Abhishek, Mandana Karimi, Shakti Kapoor, Darshan Jariwala, Sushmita Mukherjee, Meghna Naidu, Anand Kumar, Claudia Ciesla",India,27-Aug-21,2016,TV-MA,124 min,"Comedies, International Movies"
s205,Movie,Kyaa Super Kool Hain Hum,Sachin Yardi,"Tusshar Kapoor, Riteish Deshmukh, Anupam Kher, Rohit Shetty, Neha Sharma, Chunky Pandey, Sarah-Jane Dias, Razak Khan, Kavin Dave",India,27-Aug-21,2012,TV-MA,136 min,"Comedies, International Movies"
s206,Movie,Kyo Kii... Main Jhuth Nahin Bolta,David Dhawan,"Govinda, Sushmita Sen, Rambha, Anupam Kher, Satish Kaushik, Sharad Kapoor, Kiran Kumar, Mohnish Bahl",India,27-Aug-21,2001,TV-14,150 min,"Comedies, International Movies, Sci-Fi & Fantasy"
s207,Movie,"LSD: Love, Sex Aur Dhokha",Dibakar Banerjee,"Nushrat Bharucha, Anshuman Jha, Neha Chauhan, Rajkummar Rao, Arya Banerjee, Amit Sial, Herry Tangri",India,27-Aug-21,2010,TV-MA,112 min,"Dramas, Independent Movies, International Movies"
s208,Movie,Mission Istaanbul: Darr Ke Aagey Jeet Hai,Apoorva Lakhia,"Vivek Oberoi, Zayed Khan, Shriya Saran, Nikitin Dheer, Shabbir Ahluwalia, Sunil Shetty, Shweta Bhardwaj",India,27-Aug-21,2008,TV-14,119 min,"Action & Adventure, International Movies, Music & Musicals"
s209,Movie,Once Upon a Time in Mumbaai,Milan Luthria,"Ajay Devgn, Emraan Hashmi, Kangana Ranaut, Prachi Desai, Randeep Hooda, Naved Aslam, Asif Basra, Avtar Gill",India,27-Aug-21,2010,TV-14,133 min,"Dramas, International Movies, Music & Musicals"
s210,Movie,Once Upon a Time in Mumbai Dobaara!,Milan Luthria,"Akshay Kumar, Imran Khan, Sonakshi Sinha, Sonali Bendre, Sarfaraz Khan, Mahesh Manjrekar, Abhimanyu Singh, Kurush Deboo, Pitobash, Chetan Hansraj",India,27-Aug-21,2013,TV-14,142 min,"Dramas, International Movies, Music & Musicals"
s211,Movie,Ragini MMS,Pawan Kripalani,"Kainaz Motivala, Rajkummar Rao, Rajat Kaul, Janice, Shernaza, Mangala Ahire, Vinod Rawat",India,27-Aug-21,2011,TV-MA,93 min,"Horror Movies, International Movies"
s212,Movie,Ragini MMS 2,Bhushan Patel,"Sunny Leone, Saahil Prem, Parvin Dabas, Sandhya Mridul, Divya Dutta, Soniya Mehra, Kainaz Motivala, Karan Mehra",India,27-Aug-21,2014,TV-MA,113 min,"Horror Movies, International Movies"
s213,TV Show,Rebellion,,"Charlie Murphy, Ruth Bradley, Sarah Greene, Brian Gleeson, Michelle Fairley, Ian McElhinney, Michael Ford-FitzGerald, Paul Reid, Barry Ward, Tom Turner, Perdita Weeks, Andrew Simpson, Sophie Robinson",Ireland,27-Aug-21,2016,TV-MA,2 Seasons,"International TV Shows, TV Dramas"
s214,TV Show,RIDE ON TIME,,"King & Prince, Hey! Say! JUMP, KAT-TUN, NEWS, Kansai Johnny's Jr., Snow Man, Tomoyuki Yara, Travis Japan, Bi shonen, SixTONES, HiHi Jets, Kis-My-Ft2, Koichi Domoto",,27-Aug-21,2021,TV-PG,3 Seasons,"Docuseries, International TV Shows"
s215,Movie,SAS: Rise of the Black Swan,Magnus Martens,"Sam Heughan, Ruby Rose, Andy Serkis, Hannah John-Kamen, Tom Wilkinson, Tom Hopper, Noel Clarke, Anne Reid, Owain Yeoman, Jing Lusi, Ray Panthaki, Richard McCabe, Douglas Reith",,27-Aug-21,2021,R,124 min,"Action & Adventure, International Movies"
s216,Movie,Shootout at Lokhandwala,Apoorva Lakhia,"Amitabh Bachchan, Sanjay Dutt, Sunil Shetty, Arbaaz Khan, Abhishek Bachchan, Vivek Oberoi, Tusshar Kapoor, Rohit Roy, Shabbir Ahluwalia, Dia Mirza, Amrita Singh, Neha Dhupia",India,27-Aug-21,2007,TV-MA,116 min,"Action & Adventure, Dramas, International Movies"
s217,Movie,Shor In the City,"Raj Nidimoru, Krishna D.K.","Sendhil Ramamurthy, Tusshar Kapoor, Nikhil Dwivedi, Preeti Desai, Sundeep Kishan, Radhika Apte, Pitobash, Girija Oak, Alok Chaturvedi, Sudhir Chowdhary",India,27-Aug-21,2011,TV-14,106 min,"Comedies, Dramas, Independent Movies"
s218,Movie,The Dirty Picture,Milan Luthria,"Vidya Balan, Emraan Hashmi, Tusshar Kapoor, Naseeruddin Shah, Rajesh Sharma, Imran Hasnee, Anju Mahendru",India,27-Aug-21,2011,TV-14,145 min,"Comedies, Dramas, International Movies"
s219,TV Show,Titletown High,,,,27-Aug-21,2021,TV-14,1 Season,"Reality TV, Teen TV Shows"
s220,TV Show,EDENS ZERO,,"Takuma Terashima, Mikako Komatsu, Rie Kugimiya, Hiromichi Tezuka, Shiori Izawa, Shiki Aoki, Sayaka Ohara, Hochu Otsuka, Kikuko Inoue",Japan,26-Aug-21,2021,TV-14,1 Season,"Anime Series, International TV Shows"
s221,TV Show,Family Reunion,,"Loretta Devine, Tia Mowry-Hardrict, Anthony Alabi, Talia Jackson, Isaiah Russell-Bailey, Cameron J. Wright, Jordyn Raya James, Richard Roundtree",United States,26-Aug-21,2021,TV-PG,4 Seasons,"Kids' TV, TV Comedies"
s222,Movie,"Bob Ross: Happy Accidents, Betrayal & Greed",Joshua Rofé,Bob Ross,,25-Aug-21,2021,TV-14,93 min,Documentaries
s223,TV Show,Clickbait,Brad Anderson,"Zoe Kazan, Betty Gabriel, Adrian Grenier, Phoenix Raei, Abraham Lim, Jessica Collins, Camaron Engels, Jaylin Fletcher, Liz Alexander, Joyce Guy, Daniel Henshall, Ian Meadows, Jamie Timony, Steve Mouzakis, Becca Lish",,25-Aug-21,2021,TV-MA,1 Season,"Crime TV Shows, TV Dramas, TV Mysteries"
s224,TV Show,John of God: The Crimes of a Spiritual Healer,"Mauricio Dias, Tatiana Villela",,,25-Aug-21,2021,TV-MA,1 Season,"Crime TV Shows, Docuseries, International TV Shows"
s225,TV Show,Motel Makeover,,,,25-Aug-21,2021,TV-14,1 Season,"International TV Shows, Reality TV"
s226,TV Show,Open Your Eyes,,"Maria Wawreniuk, Ignacy Liss, Michał Sikorski, Wojciech Dolatowski, Klaudia Koścista, Zuzanna Galewicz, Marta Nieradkiewicz, Sara Celler Jezierska, Pola Król, Marcin Czarnik, Martyna Nowakowska",,25-Aug-21,2021,TV-MA,1 Season,"International TV Shows, TV Dramas, TV Mysteries"
s227,TV Show,Post Mortem: No One Dies in Skarnes,,"Kathrine Thorborg Johansen, Elias Holmen Sørensen, André Sørum, Kim Fairchild, Sara Khorami, Terje Strømdahl, Øystein Røger, Marianne Jonger, Martin Karelius",,25-Aug-21,2021,TV-MA,1 Season,"International TV Shows, TV Comedies, TV Dramas"
s228,Movie,Really Love,Angel Kristi Williams,"Kofi Siriboe, Yootha Wong-Loi-Sing, Michael Ealy, Uzo Aduba",United States,25-Aug-21,2020,TV-MA,95 min,"Dramas, Independent Movies, Romantic Movies"
s229,Movie,The November Man,Roger Donaldson,"Pierce Brosnan, Luke Bracey, Olga Kurylenko, Eliza Taylor, Caterina Scorsone, Bill Smitrovich, Will Patton, Amila Terzimehic, Lazar Ristovski, Mediha Musliovic","United States, United Kingdom",25-Aug-21,2014,R,108 min,Action & Adventure
s230,Movie,The Old Ways,Christopher Alender,"Brigitte Kali Canales, Andrea Cortes, Julia Vera, Sal Lopez",United States,25-Aug-21,2020,TV-MA,90 min,Horror Movies
s231,Movie,The River Runner,Rush Sturges,,,25-Aug-21,2021,TV-MA,86 min,"Documentaries, Sports Movies"
s232,Movie,The Water Man,David Oyelowo,"David Oyelowo, Rosario Dawson, Lonnie Chavis, Amiah Miller, Alfred Molina, Maria Bello",United States,25-Aug-21,2021,PG,92 min,"Children & Family Movies, Dramas"
s233,TV Show,Wheel of Fortune,,"Pat Sajak, Vanna White",United States,25-Aug-21,2019,TV-G,3 Seasons,Reality TV
s234,Movie,Count Me In,Mark Lo,,United Kingdom,24-Aug-21,2021,TV-MA,82 min,"Documentaries, Music & Musicals"
s235,TV Show,Oggy Oggy,,,,24-Aug-21,2021,TV-Y,1 Season,"Kids' TV, TV Comedies"
s236,Movie,Untold: Caitlyn Jenner,Crystal Moselle,,,24-Aug-21,2021,TV-PG,70 min,"Documentaries, LGBTQ Movies, Sports Movies"
s237,Movie,Boomika,Rathindran R Prasad,"Aishwarya Rajesh, Vidhu, Surya Ganapathy, Madhuri, Pavel Navageethan, Avantika Vandanapu",,23-Aug-21,2021,TV-14,122 min,"Horror Movies, International Movies, Thrillers"
s238,Movie,Boomika (Hindi),Rathindran R Prasad,"Aishwarya Rajesh, Vidhu, Surya Ganapathy, Madhuri, Pavel Navageethan, Avantika Vandanapu",,23-Aug-21,2021,TV-14,122 min,"Horror Movies, International Movies, Thrillers"
s239,Movie,Boomika (Malayalam),Rathindran R Prasad,"Aishwarya Rajesh, Vidhu, Surya Ganapathy, Madhuri, Pavel Navageethan, Avantika Vandanapu",,23-Aug-21,2021,TV-14,122 min,"Horror Movies, International Movies, Thrillers"
s240,Movie,Boomika (Telugu),Rathindran R Prasad,"Aishwarya Rajesh, Vidhu, Surya Ganapathy, Madhuri, Pavel Navageethan, Avantika Vandanapu",,23-Aug-21,2021,TV-14,122 min,"Horror Movies, International Movies, Thrillers"
s241,Movie,The Witcher: Nightmare of the Wolf,Han Kwang Il,"Theo James, Mary McDonnell, Lara Pulver, Graham McTavish, Tom Canton, David Errigo Jr, Jennifer Hale, Kari Wahlgren, Matt Yang King, Darryl Kurylo, Keith Ferguson",,23-Aug-21,2021,TV-MA,84 min,"Action & Adventure, Anime Features"
s242,TV Show,Manifest,,"Melissa Roxburgh, Josh Dallas, Athena Karkanis, J.R. Ramirez, Luna Blaise, Jack Messina, Parveen Kaur",United States,21-Aug-21,2021,TV-14,3 Seasons,"TV Dramas, TV Mysteries, TV Sci-Fi & Fantasy"
s243,TV Show,Comedy Premium League,,,,20-Aug-21,2021,TV-MA,1 Season,"International TV Shows, TV Comedies"
s244,TV Show,Everything Will Be Fine,,"Lucía Uribe, Flavio Medina, Isabella Vazquez Morales, Pierre Louis, Mercedes Hernández",,20-Aug-21,2021,TV-MA,1 Season,"International TV Shows, Spanish-Language TV Shows, TV Comedies"
s245,Movie,Gunshot,Karim El Shenawy,"Ahmed El Fishawy, Ruby, Mohamed Mamdouh, Ahmed Malek, Asmaa Abulyazeid, Samy Maghawry, Safaa El-Toukhy, Ahmed Kamal, Arfa Abdel Rassoul, Hana Shiha",,20-Aug-21,2018,TV-14,96 min,"Dramas, International Movies, Thrillers"
s246,TV Show,Korean Cold Noodle Rhapsody,,Paik Jong-won,,20-Aug-21,2021,TV-PG,1 Season,"Docuseries, International TV Shows"
s247,Movie,Man in Love,Yin Chen-hao,"Roy Chiu, Ann Hsu, Tsai Chen-nan, Chung Hsin-ling, Lan Wei-hua, Peace Yang, Huang Lu Tz-yin",,20-Aug-21,2021,TV-MA,115 min,"Dramas, International Movies, Romantic Movies"
s248,Movie,Sweet Girl,Brian Andrew Mendoza,"Jason Momoa, Isabela Merced, Manuel Garcia-Rulfo, Amy Brenneman, Adria Arjona, Raza Jaffrey, Justin Bartha, Lex Scott Davis, Michael Raymond-James",United States,20-Aug-21,2021,R,110 min,"Action & Adventure, Dramas"
s249,TV Show,The Chair,,"Sandra Oh, Jay Duplass, Holland Taylor, David Morse, Bob Balaban, Nana Mensah, Everly Carganilla",,20-Aug-21,2021,TV-MA,1 Season,"TV Comedies, TV Dramas"
s250,Movie,The Loud House Movie,Dave Needham,"Asher Bishop, David Tennant, Michelle Gomez, Jill Talley, Brian Stepanek, Catherine Taber, Liliana Mumy, Nika Futterman, Cristina Pucelli, Jessica DiCicco, Grey Griffin, Lara Jill Miller",,20-Aug-21,2021,TV-Y7,88 min,"Children & Family Movies, Comedies, Music & Musicals"
s251,Movie,A Faraway Land,Veronica Velasco,"Paolo Contis, Yen Santos, Hans Tórgarð, Ruby Ruiz, Zweden Obias, Maria Rianne Castro, Arianne Mavis Uera, Maricor Canlas",,19-Aug-21,2020,TV-PG,102 min,"Dramas, International Movies, Romantic Movies"
s252,Movie,Like Crazy,Drake Doremus,"Anton Yelchin, Felicity Jones, Jennifer Lawrence, Charlie Bewley, Alex Kingston, Oliver Muirhead, Finola Hughes, Chris Messina, Ben York Jones, Jamie Thomas King",United States,19-Aug-21,2011,PG-13,91 min,"Dramas, Independent Movies, Romantic Movies"
s253,Movie,Black Island,Miguel Alexandre,"Philip Froissant, Alice Dwyer, Hanns Zischler, Mercedes Müller, Sammy Scheuritzel, Lieselotte Voß, Katharina Schütz, Jodie Leslie Ahlborn, Marco Wittorf, Ilknur Boyraz",,18-Aug-21,2021,TV-MA,105 min,"International Movies, Thrillers"
s254,Movie,Bombay,Mani Ratnam,"Arvind Swamy, Manisha Koirala, Nasser, Raja Krishnamoorthy",India,18-Aug-21,1995,TV-14,135 min,"Dramas, International Movies, Romantic Movies"
s255,TV Show,Go! Go! Cory Carson,,"Alan C. Lim, Paul Killam, Maisie Benson, Kerry Gudjohnsen, Smith Foreman, Neena-Sinaii Simpo, Eli Morse, Adelaide Hirasaki, Jim Capobianco, Anna Chambers, Pfifer Chastain",United States,18-Aug-21,2021,TV-Y,5 Seasons,Kids' TV
s256,Movie,Memories of a Murderer: The Nilsen Tapes,Michael Harte,,,18-Aug-21,2021,TV-MA,86 min,"Documentaries, International Movies"
s257,Movie,Nneka The Pretty Serpent,Tosin Igho,"Idia Aisien, Ndidi Obi, Kenneth Okolie, Zack Orji, Bovi Ugboma, Bimbo Ademoye, Beverly Osu, Beverly Naya, Larry Gaaga, Shaffy Bello, Chioma Chukwuka Akpotha, Waje",,18-Aug-21,2020,TV-14,140 min,"Dramas, International Movies"
s258,Movie,O Kadhal Kanmani,Mani Ratnam,"Dulquer Salmaan, Nithya Menon, Prakash Raj, Leela Samson, Vinodhini, Ramya Subramanian, Siva Ananth, John Devasahayam, Prabhu Lakshman",,18-Aug-21,2015,TV-14,133 min,"Dramas, International Movies, Romantic Movies"
s259,Movie,Out of my league,Alice Filippi,"Ludovica Francesconi, Giuseppe Maggio, Gaja Masciale, Jozef Gjura, Eleonora Gaggero, Franco Ravera, Elisabetta Coraini, Michele Franco, Edoardo Rossi",,18-Aug-21,2020,TV-MA,92 min,"Comedies, Dramas, International Movies"
s260,Movie,Pahuna,Paakhi Tyrewala,"Anmol Limbu, Ishika Gurung, Manju Chettri, Banita Lagun, Binod Pradhan, Mahindra Bajgai, Rupa Tamang, Saran Rai","India, Nepal",18-Aug-21,2018,TV-PG,82 min,"Comedies, Dramas, International Movies"
s261,TV Show,The Defeated,,"Taylor Kitsch, Nina Hoss, Logan Marshall-Green, Michael C. Hall, Tuppence Middleton, Mala Emde, Maximilian Ehrenreich, Sebastian Koch, Anne Ratte-Polle, Lena Dörrie, Benjamin Sadler",,18-Aug-21,2020,TV-MA,1 Season,"Crime TV Shows, International TV Shows, TV Dramas"
s262,Movie,The Secret Diary of an Exchange Student,Bruno Garotti,"Larissa Manoela, Thati Lopes, Bruno Montaleone, David Sherod James, Maiara Walsh, Flávia Garrafa, Kathy-Ann Hart, Ray Faiola, Noa Graham",,18-Aug-21,2021,TV-14,97 min,"Comedies, International Movies, Romantic Movies"
s263,Movie,Untold: Deal With the Devil,Laura Brownson,,,18-Aug-21,2021,TV-MA,78 min,"Documentaries, LGBTQ Movies, Sports Movies"
s264,TV Show,Mother Goose Club,,,United States,16-Aug-21,2016,TV-Y,2 Seasons,Kids' TV
s265,Movie,Walk of Shame,Steve Brill,"Elizabeth Banks, James Marsden, Gillian Jacobs, Sarah Wright, Ethan Suplee, Bill Burr, Ken Davitian, Lawrence Gilliard Jr., Alphonso Mcauley, Da'Vone McDonald, John Marsden, Willie Garson, Oliver Hudson, P.J. Byrne",United States,16-Aug-21,2014,R,94 min,"Comedies, Independent Movies"
s266,TV Show,Rascal Does Not Dream of Bunny Girl Senpai,,"Kaito Ishikawa, Asami Seto, Nao Toyama, Atsumi Tanezaki, Maaya Uchida, Yurika Kubo, Inori Minase",Japan,15-Aug-21,2018,TV-14,1 Season,"Anime Series, International TV Shows, Romantic TV Shows"
s267,TV Show,The Creative Indians,,,India,15-Aug-21,2020,TV-MA,1 Season,"Docuseries, International TV Shows"
s268,Movie,The Piano,Jane Campion,"Holly Hunter, Harvey Keitel, Sam Neill, Anna Paquin, Kerry Walker, Genevieve Lemon, Tungia Baker, Ian Mune","New Zealand, Australia, France, United States",15-Aug-21,1993,R,121 min,"Classic Movies, Dramas, Independent Movies"
s269,Movie,Unroyal,Moses Inwang,"Matilda Lambert, Ik Ogbonna, Prince Sontoye, Blossom Chukwujekwu, Linda Osifo, Emem Inwang, Pete Edochie, Shaffy Bello, Okon Imeh  Bishop, Chinenye Nnebe, Femi Adebayo",,15-Aug-21,2020,TV-MA,97 min,"Dramas, International Movies"
s270,TV Show,Winx Club,,"Liza Jacqueline, Helena Evangeliou, Lisa Ortiz, Kerry Williams, Gregory Abbey, Dan Green, Michael Sinterniklaas, Suzy Myers, Christina Rodriguez, Dani Schaffel, Sebastian Arcelus, Rachael Lillis",Italy,15-Aug-21,2015,TV-Y7,2 Seasons,Kids' TV
s271,Movie,Beckett,Ferdinando Cito Filomarino,"John David Washington, Boyd Holbrook, Alicia Vikander, Vicky Krieps, Lena Kitsopoulou, Panos Koronis, Maria Votti","Italy, Brazil, Greece",13-Aug-21,2021,TV-MA,110 min,Action & Adventure
s272,TV Show,Brand New Cherry Flavor,,"Rosa Salazar, Eric Lange, Catherine Keener, Jeff Ward, Manny Jacinto, Hannah Levien, Patrick Fischler",United States,13-Aug-21,2021,TV-MA,1 Season,"TV Dramas, TV Horror, TV Mysteries"
s273,TV Show,Fast & Furious Spy Racers,,"Tyler Posey, Charlet Chung, Jorge Diaz, Camille Ramsey, Luke Youngblood, Renée Elise Goldsberry",United States,13-Aug-21,2021,TV-Y7,5 Seasons,Kids' TV
s274,TV Show,Gone for Good,Juan Carlos Medina,"Finnegan Oldfield, Nicolas Duvauchelle, Guillaume Gouix, Garance Marillier, Nailia Harzoune",France,13-Aug-21,2021,TV-MA,1 Season,"Crime TV Shows, International TV Shows, TV Dramas"
s275,TV Show,Grace and Frankie,,"Jane Fonda, Lily Tomlin, Martin Sheen, Sam Waterston, June Diane Raphael, Brooklyn Decker, Ethan Embry, Baron Vaughn",United States,13-Aug-21,2021,TV-MA,7 Seasons,"TV Comedies, TV Dramas"
s276,TV Show,The Kingdom,,"Chino Darín, Nancy Dupláa, Joaquín Furriel, Peter Lanzani, Mercedes Morán, Diego Peretti, Vera Spinetta, Nico García Hume, Victoria Almeida, Santiago Korovsky, Patricio Aramburu, Alfonso Tort, Diego Gentile, Néstor Guzzini, Daniel Kuzniecka",Argentina,13-Aug-21,2021,TV-MA,1 Season,"Crime TV Shows, International TV Shows, Spanish-Language TV Shows"
s277,TV Show,Valeria,Inma Torrente,"Diana Gómez, Silma López, Paula Malia, Teresa Riott, Maxi Iglesias, Ibrahim Al Shami",Spain,13-Aug-21,2021,TV-MA,2 Seasons,"International TV Shows, Romantic TV Shows, Spanish-Language TV Shows"
s278,TV Show,AlRawabi School for Girls,,"Andria Tayeh, Rakeen Sa'ad, Noor Taher, Yara Mustafa, Joanna Arida, Salsabiela, Nadera Emran, Reem Saadeh",Jordan,12-Aug-21,2021,TV-14,1 Season,"International TV Shows, TV Dramas, Teen TV Shows"
s279,Movie,Lokillo: Nothing's the Same,Julián Gaviria,Lokillo Florez,Colombia,12-Aug-21,2021,TV-MA,64 min,Stand-Up Comedy
s280,Movie,Monster Hunter: Legends of the Guild,Steven Yamamoto,"Ben Rausch, Erica Lindbeck, Dante Basco, Brando Eaton, Stephen Kramer Glickman, Caroline Caliston, G.K. Bowes, Dan McCoy","United States, Japan",12-Aug-21,2021,TV-PG,59 min,"Action & Adventure, Anime Features, Children & Family Movies"
s281,TV Show,Bake Squad,,,United States,11-Aug-21,2021,TV-PG,1 Season,Reality TV
s282,Movie,Brother Jekwu,Charles Uwagbai,"Mike Ezuruonye, Juliet Ochienge, Angela Okorie, Huddah Monroe, Catherine Kamau, Naomi Mburu, Derrick Aduwo, Chris Kamau, Abubakar Salum, Celebrity Landlord",Nigeria,11-Aug-21,2016,TV-14,101 min,"Comedies, International Movies"
s283,Movie,La diosa del asfalto,Julián Hernández,"Ximena Romo, Mabel Cadena, Alejandra Herrera, Nelly González, Samantha Orozco, Axel Arenas, Esteban Caicedo, Paulina Goto, Raquel Robles, Baby Bátiz, Pascacio López, Juán Carlos Torres, Javier Oliván, Claudia Lobo, Giovanna Zacarías",Mexico,11-Aug-21,2020,TV-MA,127 min,"Dramas, Independent Movies, International Movies"
s284,Movie,Misha and the Wolves,Sam Hobkinson,,"Belgium, United Kingdom",11-Aug-21,2021,PG-13,90 min,"Documentaries, International Movies"
s285,Movie,The Kissing Booth 3,Vince Marcello,"Joey King, Joel Courtney, Jacob Elordi, Molly Ringwald, Taylor Zakhar Perez, Maisie Richardson-Sellers, Meganne Young, Stephen Jennings","United Kingdom, United States",11-Aug-21,2021,TV-14,114 min,"Comedies, Romantic Movies"
s286,Movie,The Railway Man,Jonathan Teplitzky,"Colin Firth, Nicole Kidman, Jeremy Irvine, Stellan Skarsgård, Sam Reid, Hiroyuki Sanada, Michael MacKenzie, Tom Stokes","Switzerland, United Kingdom, Australia",11-Aug-21,2013,R,108 min,"Dramas, International Movies"
s287,TV Show,Gabby's Dollhouse,,"Laila Lockhart Kraner, Tucker Chandler, Juliet Donenfeld, Maggi Lowe, Donovan Patton, Eduardo Franco, Tara Strong, Secunda Wood, Carla Tassara, Sainty Nelsen",United States,10-Aug-21,2021,TV-Y,2 Seasons,Kids' TV
s288,TV Show,I Need Romance,Sakon Tiacharoen,"Khemanit Jamikorn, Thitipoom Techaapaikhun, Kannaporn Puangthong, Premmanat Suwannanon, Mintita Wattanakul, Thames Sanpakit, Katareeya Theapchatri, Phanuroj Chalermkijporntavee, Jirapisit Jaravijit",,10-Aug-21,2021,TV-14,1 Season,"International TV Shows, Romantic TV Shows, TV Comedies"
s289,TV Show,Las muñecas de la mafia,,"Amparo Grisales, Fernando Solórzano, Angelica Blandon, Katherine Escobar, Yuly Ferreira, Alejandra Sandoval, Andrea Gómez, Andrea Guzmán, Diego Vásquez, Julián Román, Juan Pablo Franco",Colombia,10-Aug-21,2018,TV-MA,1 Season,"Crime TV Shows, International TV Shows, Spanish-Language TV Shows"
s290,TV Show,The Crowned Clown,,"Yeo Jin-goo, Lee Se-young, Kim Sang-kyung, Jung Hye-young, Jang Kwang, Kwon Hae-hyo, Jang Yeong-nam, Lee Kyu-han",South Korea,10-Aug-21,2019,TV-14,1 Season,"International TV Shows, Romantic TV Shows, TV Dramas"
s291,Movie,Untold: Malice at the Palace,Floyd Russ,,United States,10-Aug-21,2021,TV-MA,70 min,"Documentaries, Sports Movies"
s292,TV Show,SHAMAN KING,,"Yoko Hikasa, Katsuyuki Konishi, Megumi Hayashibara, Inuko Inuyama, Romi Park, Kosuke Takaguchi, Masahiko Tanaka, Wataru Takagi, Yuji Ueda, Megumi Nakajima, Takehito Koyasu, Yoko Soumi, Motoko Kumai, Yui Horie, Yuichi Nakamura, Nana Mizuki, Takumu Miyazono, Noriaki Kanze, Michiko Neya, Toru Sakurai, Rina Hidaka, Masakazu Morita, Minami Takayama",Japan,9-Aug-21,2021,TV-14,1 Season,"Anime Series, International TV Shows"
s293,Movie,Quartet,Dustin Hoffman,"Maggie Smith, Tom Courtenay, Billy Connolly, Pauline Collins, Michael Gambon, Andrew Sachs, Sheridan Smith, David Ryall, Trevor Peacock, Gwyneth Jones",United Kingdom,8-Aug-21,2012,PG-13,98 min,"Comedies, Dramas, Independent Movies"
s294,Movie,Slay,Adze Ugah,"Enhle Mbali, Ramsey Nouah, Dawn Thandeka Kang, Idris Sultan, Tumi Morake, Trevor Gumbi, Lillian Dube, Kaly Bossy Asante, Shaleen Surtie, Fabian Lojege",South Africa,8-Aug-21,2021,TV-MA,86 min,"Comedies, International Movies, Romantic Movies"
s295,Movie,Takizawa Kabuki ZERO 2020 The Movie,Hideaki Takizawa,"Hikaru Iwamoto, Tatsuya Fukazawa, Raul, Shota Watanabe, Koji Mukai, Ryohei Abe, Ren Meguro, Ryota Miyadate, Daisuke Sakuma, Arata Sato, Tatsuya Kageyama, Taiga Suzuki, Shunsuke Motoi, Taiga Tsubaki, Yuki Yokohara, Minato Matsui, Shosei Oda",,7-Aug-21,2020,TV-PG,139 min,"International Movies, Music & Musicals"
s296,Movie,The Paper Tigers,Quoc Bao Tran,"Alain Uy, Ron Yuan, Mykel Shannon Jenkins, Jae Suh Park, Matthew Page, Joziah Lagonoy, Raymond Ma",United States,7-Aug-21,2021,PG-13,111 min,"Action & Adventure, Comedies"
s297,TV Show,Hit & Run,,"Lior Raz, Kaelen Ohm, Sanaa Lathan, Moran Rosenblatt, Lior Ashkenazi, Gregg Henry, Gal Toren","Israel, United States",6-Aug-21,2021,TV-MA,1 Season,"TV Action & Adventure, TV Dramas, TV Mysteries"
s298,TV Show,Navarasa,"Bejoy Nambiar, Priyadarshan, Karthik Narain, Vasanth Sai, Karthik Subbaraj, Arvind Swamy, Rathindran R Prasad, Sarjun, Gautham Vasudev Menon","Suriya, Vijay Sethupathi, Revathy, Prakash Raj, Siddarth, Parvathy, Delhi Ganesh, Gautham Vasudev Menon, Anjali, Yogi Babu, Aditi Balan, Remya Nambeesan, Poorna, Prayaga Martin, Rythvika Suriya, Arvind Swamy, Prasanna, Atharva, Bobby Simha, Ashok Selvan, Nedumudi Venu, Kishore",India,6-Aug-21,2021,TV-MA,1 Season,TV Shows
s299,Movie,Quam's Money,Kayode Kasum,"Falz, Nse Ikpe-Etim, Williams Uchemba, Toni Tones, Michelle Dede, Karibi Fubara, Buchi Ojei, Jemima Osunde, Blossom Chukwujekwu, Gbubemi Ejeye, Badmus Olakunle",Nigeria,6-Aug-21,2020,TV-MA,115 min,"Comedies, Dramas, International Movies"
s300,Movie,The Swarm,Just Philippot,"Suliane Brahim, Sofian Khammes, Marie Narbonne, Raphaël Romand, Stéphan Castang, Victor Bonnel, Christian Bouillette, Renan Prévot, Vincent Deniard",France,6-Aug-21,2021,TV-14,102 min,"Horror Movies, Independent Movies, International Movies"
s301,Movie,Vivo,"Kirk DeMicco, Brandon Jeffords","Lin-Manuel Miranda, Ynairaly Simo, Zoe Saldana, Juan de Marcos, Brian Tyree Henry, Gloria Estefan, Michael Rooker, Nicole Byer","Canada, United States",6-Aug-21,2021,PG,100 min,"Children & Family Movies, Music & Musicals"
s302,Movie,Chennai Express,Rohit Shetty,"Shah Rukh Khan, Deepika Padukone, Nikitin Dheer, Satyaraj, Kamini Kaushal, Lekh Tandon, Mukesh Tiwari",India,5-Aug-21,2013,TV-14,135 min,"Action & Adventure, Comedies, International Movies"
s303,Movie,City of God: 10 Years Later,"Cavi Borges, Luciano Vidigal",,Brazil,5-Aug-21,2013,TV-MA,69 min,"Documentaries, International Movies"
s304,Movie,Esperando la carroza,Alejandro Doria,"Luis Brandoni, China Zorrilla, Antonio Gasalla, Julio De Grazia, Betiana Blum, Monica Villa, Juan Manuel Tenuta, Andrea Tenuta, Cecilia Rossetto, Enrique Pinti",Argentina,5-Aug-21,1985,TV-MA,95 min,"Comedies, Cult Movies, International Movies"
s305,Movie,Lady Boss: The Jackie Collins Story,Laura Fairrie,Jackie Collins,United Kingdom,5-Aug-21,2021,TV-14,97 min,Documentaries
s306,Movie,Tango Feroz,Marcelo Piñeyro,"Fernán Mirás, Cecilia Dopazo, Imanol Arias, Héctor Alterio, Leonardo Sbaraglia, Federico D'Elía, David Masajnik, Cristina Banegas, Ernesto Alterio, Antonio Birabent","Argentina, Spain",5-Aug-21,1993,TV-MA,124 min,"Classic Movies, Dramas, International Movies"
s307,Movie,'76,Izu Ojukwu,"Ramsey Nouah, Rita Dominic, Chidi Mokeme, Ibinabo Fiberesima, Daniel K. Daniel, Memry Savanhu, Adonijah Owiriwa, Pat Nebo, Nelly Ekwereogu, Shuaibu Ebenesi Adams, Debo Oguns, Ben Nwosu, Ada Ofoegbu",Nigeria,4-Aug-21,2016,TV-PG,118 min,"Dramas, International Movies"
s308,Movie,Aftermath,Peter Winther,"Ashley Greene, Shawn Ashmore, Sharif Atkins, Britt Baron, Diana Hopper, Ross McCall, Jamie Kaler, Travis Coles, Susan Walters, Jason Liles",United States,4-Aug-21,2021,TV-MA,115 min,Horror Movies
s309,Movie,American Masters: Inventing David Geffen,Susan Lacy,David Geffen,United States,4-Aug-21,2012,TV-MA,115 min,Movies
s310,TV Show,Car Masters: Rust to Riches,,"Mark Towle, Shawn Pilot, Constance Nunes, Tony Quinones, Mike ""Caveman"" Pyle",,4-Aug-21,2021,TV-PG,3 Seasons,Reality TV
s311,TV Show,Cocaine Cowboys: The Kings of Miami,Billy Corben,,United States,4-Aug-21,2021,TV-MA,1 Season,"Crime TV Shows, Docuseries"
s312,TV Show,Control Z,,"Ana Valeria Becerril, Michael Ronda, Yankel Stevan, Zion Moreno, Luis Curiel, Samantha Acuña, Macarena García, Fiona Palomo, Andrés Baida, Patricio Gallardo, Iván Aragón, Xabiani Ponce de León, Patricia Maqueo, Rodrigo Cachero, Rocío Verdejo, Mauro Sánchez Navarro, Lidia San José, Thanya López, Renata del Castillo, Arturo Barba, Kariam Castro, Ariana Saavedra, Alexander Holtmann, Nastassia Villasana, Marco Zunino",Mexico,4-Aug-21,2021,TV-MA,2 Seasons,"International TV Shows, Spanish-Language TV Shows, TV Dramas"
s313,TV Show,Cooking With Paris,,Paris Hilton,United States,4-Aug-21,2021,TV-MA,1 Season,Reality TV
s314,TV Show,Autumn's Concerto,,"Ady An, Vanness Wu, Ann Hsu, Wu Kang-ren, Xiao Xiao Bin",Taiwan,3-Aug-21,2009,TV-14,1 Season,"International TV Shows, Romantic TV Shows, TV Dramas"
s315,Movie,Heavy,James Mangold,"Pruitt Taylor Vince, Shelley Winters, Liv Tyler, Debbie Harry, Evan Dando, Joe Grifasi, David Patrick Kelly, Marian Quinn",United States,3-Aug-21,1995,R,104 min,"Dramas, Independent Movies, Romantic Movies"
s316,Movie,Ije: The Journey,Chineze Anyaene,"Genevieve Nnaji, Omotola Jalade-Ekeinde, Odalys Garcia, Ulrich Que, Jeff Swarthout, Clem Ohameze, Ann D. Carey, Anahit Setian, Danielle Soibelman, Jon Morgan Woodward","United States, Nigeria",3-Aug-21,2010,TV-MA,106 min,"Dramas, International Movies"
s317,TV Show,Office Girls,Hsu Fu-chun,"Roy Chiu, Alice Ko, Tia Lee, Patrick Lee, Kuo Shu-yao, James Wen, Janel Tsai",Taiwan,3-Aug-21,2011,TV-14,1 Season,"International TV Shows, Romantic TV Shows, TV Comedies"
s318,Movie,Pray Away,Kristine Stolakis,,United States,3-Aug-21,2021,PG-13,102 min,"Documentaries, LGBTQ Movies"
s319,Movie,Shiny_Flakes: The Teenage Drug Lord,"Eva Müller, Michael Schmitt",Maximilian Schmidt,,3-Aug-21,2021,TV-MA,97 min,"Documentaries, International Movies"
s320,TV Show,The Prince Who Turns into a Frog,,"Joe Chen, Ming Dao, Sam Wang, Joyce Chao, Gino, Su Li-hsin, Wang Chuan, Ehlo Huang",Taiwan,3-Aug-21,2005,TV-14,1 Season,"International TV Shows, Romantic TV Shows, TV Comedies"
s321,TV Show,Top Secret UFO Projects: Declassified,,,,3-Aug-21,2021,TV-PG,1 Season,Docuseries
s322,TV Show,Two Fathers,,"Weber Yang, Lin Yo-Wei, Megan Lai, Amanda Chou, Lucia Xie, Cherry Leung",Taiwan,3-Aug-21,2013,TV-14,1 Season,"International TV Shows, Romantic TV Shows, TV Comedies"
s323,TV Show,You're My Destiny,,"Joe Chen, Ethan Juan, Baron Chen, Bianca Bai, Na Wei-hsun, Tan Ai-Chen",Taiwan,3-Aug-21,2008,TV-MA,1 Season,"International TV Shows, Romantic TV Shows, TV Comedies"
s324,TV Show,30 Rock,,"Tina Fey, Alec Baldwin, Tracy Morgan, Jane Krakowski, Jack McBrayer, Scott Adsit, Judah Friedlander, Katrina Bowden, Keith Powell, Lonny Ross, John Lutz, Kevin Brown, Grizz Chapman, Maulik Pancholy",United States,1-Aug-21,2012,TV-14,7 Seasons,TV Comedies
s325,TV Show,44 Cats,,"Sarah Natochenny, Suzy Myers, Simona Berman, Erica Schroeder, Marca Leigh, Scottie Ray, Henry F. Benjamin",Italy,1-Aug-21,2020,TV-Y7,3 Seasons,Kids' TV
s326,Movie,Beethoven,Brian Levant,"Charles Grodin, Bonnie Hunt, Dean Jones, Oliver Platt, Stanley Tucci, Nicholle Tom, Christopher Castile, Sarah Rose Karr, David Duchovny, Patricia Heaton, O-Lan Jones, Nancy Fish",United States,1-Aug-21,1992,PG,87 min,"Children & Family Movies, Comedies"
s327,Movie,Beethoven's 2nd,Rod Daniel,"Charles Grodin, Bonnie Hunt, Nicholle Tom, Christopher Castile, Sarah Rose Karr, Debi Mazar, Chris Penn",United States,1-Aug-21,1993,PG,88 min,"Children & Family Movies, Comedies"
s328,Movie,Beowulf,Robert Zemeckis,"Ray Winstone, Anthony Hopkins, John Malkovich, Angelina Jolie, Robin Wright, Brendan Gleeson, Crispin Glover, Alison Lohman, Sharisse Baker-Bernard","United States, United Kingdom",1-Aug-21,2007,PG-13,114 min,"Action & Adventure, Sci-Fi & Fantasy"
s329,Movie,Boyka: Undisputed,Todor Chapkanov,"Scott Adkins, Teodora Duhovnikova, Alon Aboutboul, Julian Vergov, Brahim Achabbakhe, Paul Chahidi, Petio Petkov, Valentin Ganev, Vlado Mihailov","Bulgaria, United States",1-Aug-21,2016,R,90 min,Action & Adventure
s330,Movie,Catch Me If You Can,Steven Spielberg,"Leonardo DiCaprio, Tom Hanks, Christopher Walken, Martin Sheen, Nathalie Baye, Amy Adams, James Brolin, Brian Howe, Frank John Hughes, Steve Eastin","United States, Canada",1-Aug-21,2002,PG-13,142 min,Dramas
s331,Movie,Cloudy with a Chance of Meatballs,"Phil Lord, Christopher Miller","Bill Hader, Anna Faris, James Caan, Andy Samberg, Bruce Campbell, Mr. T, Bobb'e J. Thompson, Benjamin Bratt, Neil Patrick Harris, Al Roker","United States, Canada",1-Aug-21,2009,PG,90 min,"Children & Family Movies, Comedies, Sci-Fi & Fantasy"
s332,TV Show,Darwin’s Game,,"Yusuke Kobayashi, Reina Ueda, Nichika Omori, Taku Yashiro, Yumiri Hanamori, Ai Kayano, Takehito Koyasu, Yoshitsugu Matsuoka",,1-Aug-21,2020,TV-MA,1 Season,"Anime Series, International TV Shows, TV Thrillers"
s333,Movie,Deep Blue Sea,Renny Harlin,"Thomas Jane, Saffron Burrows, Samuel L. Jackson, Jacqueline McKenzie, Michael Rapaport, Stellan Skarsgård, LL Cool J, Aida Turturro, Cristos, Daniel Rey","United States, Mexico",1-Aug-21,1999,R,105 min,"Action & Adventure, Horror Movies, Sci-Fi & Fantasy"
s334,Movie,Ferris Bueller's Day Off,John Hughes,"Matthew Broderick, Alan Ruck, Mia Sara, Jeffrey Jones, Jennifer Grey, Cindy Pickett, Lyman Ward, Edie McClurg, Charlie Sheen, Kristy Swanson, Ben Stein, Del Close",United States,1-Aug-21,1986,PG-13,103 min,"Classic Movies, Comedies, Cult Movies"
s335,Movie,Five Feet Apart,Justin Baldoni,"Haley Lu Richardson, Cole Sprouse, Moisés Arias, Kimberly Hébert Gregory, Parminder Nagra, Claire Forlani, Emily Baldoni, Gary Weeks, Cynthia Evans",United States,1-Aug-21,2019,PG-13,116 min,"Dramas, Romantic Movies"
s336,Movie,Freedomland,Joe Roth,"Samuel L. Jackson, Julianne Moore, Edie Falco, Ron Eldard, William Forsythe, Aunjanue Ellis, Anthony Mackie, LaTanya Richardson Jackson, Clarke Peters, Peter Friedman, Domenick Lombardozzi",United States,1-Aug-21,2006,R,113 min,"Dramas, Thrillers"
s337,TV Show,Friday Night Lights,,"Kyle Chandler, Connie Britton, Aimee Teegarden, Taylor Kitsch, Jesse Plemons, Minka Kelly, Zach Gilford, Adrianne Palicki, Derek Phillips, Brad Leland, Gaius Charles, Timothy F. Crowley, Louanne Stephens, Stacey Oristano, Scott Porter",,1-Aug-21,2010,TV-14,5 Seasons,"TV Dramas, Teen TV Shows"
s338,Movie,Good Luck Chuck,Mark Helfrich,"Dane Cook, Jessica Alba, Dan Fogler, Ellia English, Sasha Pieterse, Annie Wood, Lonny Ross, Chelan Simmons, Simone Bailly, Jodelle Ferland, Crystal Lowe, Troy Gentile, Georgia Craig, Michelle Harrison, Chiara Zanni","United States, Canada",1-Aug-21,2007,R,99 min,"Comedies, Romantic Movies"
s339,TV Show,Hunter X Hunter (2011),,"Megumi Han, Mariya Ise, Keiji Fujiwara, Miyuki Sawashiro, Daisuke Namikawa",Japan,1-Aug-21,2014,TV-14,6 Seasons,"Anime Series, International TV Shows"
s340,Movie,I missed you: Director's Cut,"Mag Hsu, Hsu Chih-yen","Wu Kang-ren, Eve Ai, Fu Meng-po, Lin Mei-hsiu, 9m88",,1-Aug-21,2021,TV-14,96 min,"Dramas, Independent Movies, International Movies"
s341,Movie,Inception,Christopher Nolan,"Leonardo DiCaprio, Joseph Gordon-Levitt, Elliot Page, Tom Hardy, Ken Watanabe, Dileep Rao, Cillian Murphy, Tom Berenger, Marion Cotillard, Pete Postlethwaite, Michael Caine, Lukas Haas","United States, United Kingdom",1-Aug-21,2010,PG-13,148 min,"Action & Adventure, Sci-Fi & Fantasy, Thrillers"
s342,Movie,Magnolia,Paul Thomas Anderson,"John C. Reilly, Philip Baker Hall, Tom Cruise, Julianne Moore, Philip Seymour Hoffman, William H. Macy, Jeremy Blackman, Jason Robards, Melinda Dillon, April Grace, Luis Guzmán, Ricky Jay, Alfred Molina, Michael Murphy, Melora Walters",United States,1-Aug-21,1999,R,189 min,"Dramas, Independent Movies"
s343,Movie,Major Payne,Nick Castle,"Damon Wayans, Karyn Parsons, William Hickey, Michael Ironside, Albert Hall, Ross Bickell, Orlando Brown, Peyton Chesson-Fohl, Steven Martini",United States,1-Aug-21,1995,PG-13,97 min,Comedies
s344,Movie,My Girl,Howard Zieff,"Dan Aykroyd, Jamie Lee Curtis, Macaulay Culkin, Anna Chlumsky, Richard Masur, Griffin Dunne, Ann Nelson, Peter Michael Goetz, Jane Hallaren, Anthony R. Jones",United States,1-Aug-21,1991,PG-13,102 min,Dramas
s345,Movie,My Girl 2,Howard Zieff,"Anna Chlumsky, Austin O'Brien, Dan Aykroyd, Jamie Lee Curtis, Richard Masur, Christine Ebersole, Angeline Ball",United States,1-Aug-21,1994,PG,99 min,"Children & Family Movies, Comedies, Dramas"
s346,Movie,Open Season: Scared Silly,David Feiss,"William Townsend, Donny Lucas, Melissa Sturm, Trevor Devall, Brian Drummond, Kathleen Barr, Garry Chalk, Lee Tockar, Shannon Chan-Kent, Michelle Murdocca, Lorne Cardinal, Peter Kelamis","United States, Canada",1-Aug-21,2015,PG,85 min,"Children & Family Movies, Comedies"
s347,Movie,Pineapple Express,David Gordon Green,"Seth Rogen, James Franco, Danny McBride, Kevin Corrigan, Craig Robinson, Gary Cole, Rosie Perez, Ed Begley Jr., Nora Dunn, Amber Heard",United States,1-Aug-21,2008,R,112 min,"Action & Adventure, Comedies"
s348,Movie,Planet 51,Jorge Blanco,"Justin Long, Dwayne Johnson, Gary Oldman, Seann William Scott, Jessica Biel, John Cleese, Freddie Benedict","Spain, United Kingdom, United States",1-Aug-21,2009,PG,91 min,"Children & Family Movies, Comedies, Sci-Fi & Fantasy"
s349,Movie,Poms,Zara Hayes,"Diane Keaton, Jacki Weaver, Pam Grier, Rhea Perlman, Celia Weston, Alisha Boe, Charlie Tahan","United Kingdom, United States",1-Aug-21,2019,PG-13,91 min,Comedies
s350,Movie,Seabiscuit,Gary Ross,"Tobey Maguire, Jeff Bridges, Chris Cooper, Elizabeth Banks, Gary Stevens, William H. Macy, David McCullough, Kingston DuCoeur, Eddie Jones, Ed Lauter, Michael O'Neill, Michael Angarano, Royce D. Applegate, Annie Corley, Valerie Mahaffey",United States,1-Aug-21,2003,PG-13,141 min,"Dramas, Sports Movies"
s351,Movie,Space Cowboys,Clint Eastwood,"Clint Eastwood, Tommy Lee Jones, Donald Sutherland, James Garner, James Cromwell, Marcia Gay Harden, William Devane, Loren Dean, Courtney B. Vance, Rade Serbedzija, Barbara Babcock, Blair Brown",United States,1-Aug-21,2000,PG-13,130 min,"Action & Adventure, Dramas, Sci-Fi & Fantasy"
s352,Movie,Team America: World Police,Trey Parker,"Trey Parker, Matt Stone, Kristen Miller, Masasa Moyo, Daran Norris, Phil Hendrie, Maurice LaMarche, Chelsea Magritte, Jeremy Shada, Fred Tatasciore","United States, Germany",1-Aug-21,2004,R,98 min,"Action & Adventure, Comedies, Cult Movies"
s353,Movie,The Edge of Seventeen,Kelly Fremon Craig,"Hailee Steinfeld, Woody Harrelson, Kyra Sedgwick, Haley Lu Richardson, Blake Jenner, Hayden Szeto, Alexander Calvert, Eric Keenleyside","United States, China",1-Aug-21,2016,R,105 min,"Comedies, Dramas"
s354,Movie,The Haunting in Connecticut 2: Ghosts of Georgia,Tom Elkins,"Abigail Spencer, Chad Michael Murray, Katee Sackhoff, Emily Alyn Lind, Cicely Tyson, Andrea Frankle, Brad James, Lance E. Nichols",United States,1-Aug-21,2013,R,101 min,Horror Movies
s355,Movie,The Last Boy Scout,Tony Scott,"Bruce Willis, Damon Wayans, Chelsea Field, Noble Willingham, Taylor Negron, Danielle Harris, Halle Berry, Bruce McGill",United States,1-Aug-21,1991,R,105 min,"Action & Adventure, Comedies"
s356,Movie,The Lincoln Lawyer,Brad Furman,"Matthew McConaughey, Josh Lucas, Ryan Phillippe, John Leguizamo, Michael Peña, Bryan Cranston, Bob Gunton, William H. Macy, Marisa Tomei, Frances Fisher",United States,1-Aug-21,2011,R,118 min,"Dramas, Thrillers"
s357,Movie,The Losers,Sylvain White,"Jeffrey Dean Morgan, Zoe Saldana, Chris Evans, Idris Elba, Columbus Short, Óscar Jaenada, Jason Patric, Holt McCallany, Peter Macdissi, Peter Francis James","United States, France",1-Aug-21,2010,PG-13,97 min,Action & Adventure
s358,Movie,The Machinist,Brad Anderson,"Christian Bale, Jennifer Jason Leigh, Aitana Sánchez-Gijón, John Sharian, Michael Ironside, Lawrence Gilliard Jr., Reg E. Cathey, Anna Massey, Matthew Romero, Robert Long, Colin Stinton, Craig Stevenson","Spain, France, United Kingdom, United States",1-Aug-21,2004,R,102 min,"Dramas, Independent Movies, Thrillers"
s359,Movie,The Net,Irwin Winkler,"Sandra Bullock, Jeremy Northam, Dennis Miller, Diane Baker, Wendy Gazelle, Ken Howard, Ray McKinnon, Daniel Schorr, L. Scott Caldwell, Robert Gossett",United States,1-Aug-21,1995,PG-13,114 min,Thrillers
s360,Movie,The Original Kings of Comedy,Spike Lee,"Steve Harvey, D.L. Hughley, Cedric the Entertainer, Bernie Mac",United States,1-Aug-21,2000,R,111 min,Stand-Up Comedy
s361,Movie,Valentine's Day,Garry Marshall,"Jessica Alba, Kathy Bates, Jessica Biel, Bradley Cooper, Eric Dane, Patrick Dempsey, Hector Elizondo, Jamie Foxx, Jennifer Garner, Topher Grace, Anne Hathaway, Ashton Kutcher, Queen Latifah, Taylor Lautner, George Lopez, Shirley MacLaine, Emma Roberts, Julia Roberts, Taylor Swift",United States,1-Aug-21,2010,PG-13,125 min,"Comedies, Romantic Movies"
s362,TV Show,Charmed,,"Madeleine Mantock, Sarah Jeffery, Melonie Diaz, Rupert Evans, Ser'Darius Blain, Ellen Tamaki, Charlie Gillespie",United States,31-Jul-21,2021,TV-14,3 Seasons,"TV Dramas, TV Sci-Fi & Fantasy"
s363,Movie,The Lost Café,Kenneth Gyang,"Tunde Aladese, Omatta Udalor, Terje Lien, Ann Njemanze, Anders Lidin Hansen, Jenny Bonden, Belinda Effah, Anita Daniels, Silje Drensgrud, Torbjørn Jensen",,31-Jul-21,2018,TV-14,76 min,"Dramas, International Movies"
s364,Movie,The Vault,Jaume Balagueró,"Freddie Highmore, Astrid Bergès-Frisbey, Sam Riley, Liam Cunningham, José Coronado, Luis Tosar, Emilio Gutiérrez Caba, Axel Stein, Daniel Holguín, Famke Janssen",,31-Jul-21,2021,R,118 min,"Action & Adventure, International Movies, Thrillers"
s365,TV Show,Centaurworld,,"Kimiko Glenn, Megan Hilty, Parvesh Cheena, Chris Diamantopoulos, Megan Nicole Dong, Jessie Mueller, Josh Radnor",,30-Jul-21,2021,TV-Y7,1 Season,"Kids' TV, TV Comedies"
s366,Movie,Eyes of a Thief,Najwa Najjar,"Khaled Abol El Naga, Souad Massi, Suhail Haddad, Malak Ermileh, Maisa Abd Elhadi, Walid Abdul Salam, Nisreen Faour, Areen Omari",", France, Algeria",30-Jul-21,2014,TV-14,103 min,"Dramas, Independent Movies, International Movies"
s367,TV Show,Glow Up,,,United Kingdom,30-Jul-21,2021,TV-14,3 Seasons,"British TV Shows, International TV Shows, Reality TV"
s368,Movie,I'm Glad I Did,Selçuk Metin,"Metin Akpınar, Demet Akbağ, Umur Bugay, Ahmet Gülhan, Dikmen Gürün, Kandemir Konduk, Perran Kutman, Zeynep Oral, Nevra Serezli, Selma Sonat, Suat Sungur, Ferhan Şensoy, Cihat Tamer, Demet Taner",,30-Jul-21,2020,TV-14,114 min,"Documentaries, International Movies"
s369,TV Show,Khawatir,,,,30-Jul-21,2009,TV-14,1 Season,"International TV Shows, Reality TV"
s370,TV Show,Myth & Mogul: John DeLorean,,,,30-Jul-21,2021,TV-14,1 Season,"British TV Shows, Crime TV Shows, Docuseries"
s371,TV Show,Outer Banks,,"Chase Stokes, Madelyn Cline, Madison Bailey, Jonathan Daviss, Rudy Pankow, Charles Esten, Adina Porter, Austin North, Drew Starkey",United States,30-Jul-21,2021,TV-MA,2 Seasons,"TV Action & Adventure, TV Dramas, Teen TV Shows"
s372,Movie,Pomegranates and Myrrh,Najwa Najjar,"Yasmine Al Massri, Ashraf Farah, Ali Suliman, Hiam Abbass, Samia Kuzmoz Bakri, Yosef Abu Wardeh, Wardeh Dukwar, Manal Awad, Valentina Abu-'Aksa, Walid Abdul Salam, Ahmad Abu Sal'oum, Wardeh Jubran",,30-Jul-21,2009,TV-14,95 min,"Dramas, Independent Movies, International Movies"
s373,Movie,Rurouni Kenshin: The Beginning,Keishi Otomo,"Takeru Satoh, Kasumi Arimura, Issey Takahashi, Nijiro Murakami, Masanobu Ando, Kazuki Kitamura, Yosuke Eguchi",,30-Jul-21,2021,TV-MA,138 min,"Action & Adventure, International Movies"
s374,Movie,The Last Mercenary,David Charhon,"Jean-Claude Van Damme, Alban Ivanov, Éric Judor, Patrick Timsit, Miou-Miou, Assa Sylla, Samir Decazza, Valérie Kaprisky, Djimo, Nassim Lyes",,30-Jul-21,2021,TV-MA,112 min,"Action & Adventure, Comedies, International Movies"
s375,Movie,Flower Girl,Michelle Bello,"Damilola Adegbite, Chris Attoh, Chuks Chukwujekwu, Blossom Chukwujekwu, Eku Edewor, Bikiya Graham Douglas",Nigeria,29-Jul-21,2013,TV-PG,94 min,"Comedies, International Movies, Romantic Movies"
s376,Movie,Resort to Love,Steven Tsuchida,"Christina Milian, Jay Pharoah, Sinqua Walls, Tymberlee Hill, Jeryl Prescott Gallien, Christiani Pitts, Karen Obilom, Alexander Hodge, T.J. Power, Sylvaine Strike, Kayne Lee Harrison",,29-Jul-21,2021,TV-14,102 min,"Comedies, Romantic Movies"
s377,TV Show,Transformers: War for Cybertron: Kingdom,,"Jake Foushee, Jason Marnocha, Linsay Rousseau, Joe Zieja, Frank Todaro, Bill Rogers, Keith Silverstein, Edward Bosco, Tessho Genda, Ryohei Kimura, Kikuko Inoue, Kazuhiko Inoue, Chafurin",,29-Jul-21,2021,TV-Y7,1 Season,Anime Series
s378,Movie,Bartkowiak,Daniel Markowicz,"Józef Pawłowski, Zofia Domalik, Szymon Bobrowski, Bartłomiej Topa, Janusz Chabior, Rafał Zawierucha, Antoni Pawlicki, Cezary Łukaszewicz, Danuta Stenka, Jan Frycz, Damian Majewski",Poland,28-Jul-21,2021,TV-MA,92 min,"Action & Adventure, International Movies"
s379,Movie,Fantastic Fungi,Louie Schwartzberg,,United States,28-Jul-21,2019,TV-14,81 min,Documentaries
s380,TV Show,Tattoo Redo,,,,28-Jul-21,2021,TV-MA,1 Season,Reality TV
s381,TV Show,The Flash,Glen Winter,"Grant Gustin, Candice Patton, Danielle Panabaker, Carlos Valdes, Tom Cavanagh, Jesse L. Martin, Neil Sandilands, Britne Oldford, Danielle Nicolet, Keiynan Lonsdale, Kim Engelbrecht",United States,28-Jul-21,2021,TV-14,7 Seasons,"Crime TV Shows, TV Action & Adventure, TV Sci-Fi & Fantasy"
s382,TV Show,The Snitch Cartel: Origins,,"Juan Pablo Urrego, Sebastián Osorio, Patricia Tamayo, Verónica Velásquez, María Camila Zárate, Nicole Santamaría, Eduardo Pérez, Julian Farrieta, Gustavo Angarita Jr., Carlos Manuel Vesga, Helena Mallarino, David Prada, Margarita Reyes, Adriana Silva, Laura Rodríguez, Angélica Blandón, Maia Landaburu, Jesús de los Ríos",,28-Jul-21,2021,TV-MA,1 Season,"Crime TV Shows, International TV Shows, Spanish-Language TV Shows"
s383,TV Show,All American,,"Daniel Ezra, Taye Diggs, Samantha Logan, Bre-Z, Greta Onieogou, Monet Mazur, Michael Evans Behling, Cody Christian, Karimah Westbrook, Jalyn Hall, Jordan Belfi, Briana Lane",United States,27-Jul-21,2021,TV-14,3 Seasons,"TV Dramas, Teen TV Shows"
s384,Movie,Department,Ram Gopal Varma,"Amitabh Bachchan, Sanjay Dutt, Rana Daggubati, Vijay Raaz, Abhimanyu Singh, Madhu Shalini, Deepak Tijori, Anjana Sukhani, Manchu Lakshmi",India,27-Jul-21,2012,TV-MA,143 min,"Action & Adventure, International Movies"
s385,Movie,Hostage House,David Benullo,"Jennifer Taylor, Justin Schilling, Emily Sweet, Julia Terranova, Patrick Cronen, Richard Neil",,27-Jul-21,2021,TV-14,86 min,Thrillers
s386,TV Show,How to Sell Drugs Online (Fast),,"Maximilian Mundt, Danilo Kamperidis, Lena Klenke, Damian Hardung, Leonie Wesselow, Luna Schaller, Bjarne Mädel, Roland Riebeling",Germany,27-Jul-21,2021,TV-MA,3 Seasons,"Crime TV Shows, International TV Shows, TV Comedies"
s387,TV Show,Mighty Express,,"Jay Hatton, Zoe Hatz, Meesha Contreras, Dylan Shombing, Tyler Nathan, Leo Orgil, Michela Luci, Ian Ho, Evan Lefeuvre, Annick Obonsawin","United States, Canada",27-Jul-21,2021,TV-Y,4 Seasons,Kids' TV
s388,Movie,Mimi,Laxman Utekar,"Kriti Sanon, Pankaj Tripathi, Sai Tamhankar, Manoj Pahwa, Supriya Pathak, Evelyn Edwards",,27-Jul-21,2021,TV-14,132 min,"Comedies, Dramas, International Movies"
s389,TV Show,Plastic Cup Boyz: Laughing My Mask Off!,"Royale Watkins, Rich Schlansker","Joey Wells, Will 'Spank' Horton, Na'im Lynn",,27-Jul-21,2021,TV-MA,1 Season,"Stand-Up Comedy & Talk Shows, TV Comedies"
s390,Movie,The Operative,Yuval Adler,"Diane Kruger, Martin Freeman, Cas Anvar, Rotem Keinan, Yohanan Herson","France, Israel, Germany, United States, United Kingdom",27-Jul-21,2019,TV-MA,117 min,"Dramas, International Movies, Thrillers"
s391,TV Show,The Walking Dead,,"Andrew Lincoln, Steven Yeun, Norman Reedus, Chandler Riggs, Melissa McBride, Lauren Cohan, Danai Gurira, Alanna Masterson, Sonequa Martin-Green, Josh McDermitt, Christian Serratos, Seth Gilliam, Ross Marquand, Lennie James, Emily Kinney, Jon Bernthal",United States,26-Jul-21,2019,TV-MA,10 Seasons,"Classic & Cult TV, TV Action & Adventure, TV Dramas"
s392,TV Show,Wynonna Earp,,"Melanie Scrofano, Shamier Anderson, Tim Rozon, Dominique Provost-Chalkley, Michael Eklund, Katherine Barrell, Greg Lawson, Natascha Girgis","Canada, United States",26-Jul-21,2020,TV-MA,4 Seasons,"International TV Shows, TV Action & Adventure, TV Dramas"
s393,Movie,Django Unchained,Quentin Tarantino,"Jamie Foxx, Christoph Waltz, Leonardo DiCaprio, Kerry Washington, Samuel L. Jackson, Walton Goggins, Dennis Christopher, James Remar, David Steen, Dana Gourrier, Nichole Galicia, Laura Cayouette, Ato Essandoh, Sammi Rotibi, Escalante Lundy, Don Johnson",United States,24-Jul-21,2012,R,165 min,"Action & Adventure, Dramas"
s394,Movie,A Second Chance:  Rivals!,Clay Glen,"Emily Morris, Stella Shute, Eva Grados, India Colombi, Nina Pearce, Adam Tuominen, Carmel Johnson, Natasha Wanganeen, Elysia Markou, Alexander Lloyd, Amy Handley",Australia,23-Jul-21,2021,PG,91 min,"Children & Family Movies, Sports Movies"
s395,Movie,African America,Muzi Mthembu,"Phumelele Mthembu, Anthony Goss, Thami Buti, Makhosazana Ndlovu, Zandile Lujabe, Gontse Ntshegang, Roget Ellis, Bridget Pike, Boipelo Nokukhanya Tau, James Raynolds, Nji Alain, Bongani Dlamin",,23-Jul-21,2021,TV-MA,97 min,"Dramas, Independent Movies, International Movies"
s396,Movie,Bankrolled,Marcos Bucay,"Aldo Escalante, Ricardo Polanco, Natalia Téllez, Fabrizio Santini, SeoJu Park, María Chacón, Giuseppe Gamba, Sebastián Zurita",,23-Jul-21,2021,TV-MA,97 min,"Comedies, International Movies"
s397,Movie,Blood Red Sky,Peter Thorwarth,"Peri Baumeister, Alexander Scheer, Kais Setti, Carl Koch, Gordon Brown, Roland Møller, Chidi Ajufo, Kai Ivo Baulitz, Graham McTavish, Dominic Purcell",,23-Jul-21,2021,TV-MA,123 min,"Action & Adventure, Horror Movies, International Movies"
s398,TV Show,Feels Like Ishq,,"Radhika Madan, Amol Parashar, Rohit Saraf, Kajol Chugh, Tanya Maniktala, Mihir Ahuja, Simran Jehani, Sanjeeta Bhattacharya, Saba Azaad, Skand Thakur, Zayn Marie Khan, Neeraj Madhav",,23-Jul-21,2021,TV-MA,1 Season,"International TV Shows, Romantic TV Shows, TV Comedies"
s399,Movie,Kingdom: Ashin of the North,Kim Seong-hun,"Gianna Jun, Park Byung-eun, Kim Si-a, Kim Roi-ha, Koo Kyo-hwan",,23-Jul-21,2021,TV-MA,94 min,"Horror Movies, International Movies, Thrillers"
s400,TV Show,Masters of the Universe: Revelation,,"Mark Hamill, Lena Headey, Chris Wood, Sarah Michelle Gellar, Liam Cunningham, Stephen Root, Diedrich Bader, Griffin Newman, Tiffany Smith, Henry Rollins, Alan Oppenheimer, Susan Eisenberg, Alicia Silverstone, Justin Long, Jason Mewes, Phil LaMarr, Tony Todd, Cree Summer, Kevin Michael Richardson, Kevin Conroy, Harley Quinn Smith",,23-Jul-21,2021,TV-PG,1 Season,"TV Action & Adventure, TV Sci-Fi & Fantasy"
